row_id,event_time,segment,f_33a7c669,f_bf3c6aed,f_cd576770,f_ae0157d6,f_2bd5d77e,f_bbe0b25b,f_56f5c3e3,f_586d5c72,f_389f2a64,f_8adc0575,target
tr_6e3ed7_00357,0.4268699080879391,g_ebc5d4,0.006292985322218422,0.0655587357028002,198.70891208665896,-1.0719950974008918,19.800959849391415,-0.09770226230716134,-187.06721789243835,0.31591876064255187,,-261.18325703528535,0
tr_6e3ed7_00350,0.16027790691294355,g_ebc5d4,-0.008217736103057052,-0.08760368933213195,11.035252461968895,1.7383667648421597,17.317128745727533,0.06412942571842467,-64.3100866095256,,0.570461093922735,25.22741033863764,0
tr_6e3ed7_00390,0.4357314401548181,g_ebc5d4,-0.016726262873118142,-0.031053696847004965,160.5566361743452,-2.80707332605598,20.022421803853273,0.32436364245752314,-163.49885370747484,0.25976114929340144,0.6340889755130537,-377.4338181525813,1
tr_6e3ed7_00368,0.47503953436579444,g_ebc5d4,0.0020083264497304993,0.04495309516913111,28.14413428138677,0.44555633501001257,21.549764987121982,0.3948362275300256,-214.50297131752325,1.4910009503075603,0.38841848817770785,-572.2459537332566,1
tr_6e3ed7_00465,0.5099905890521877,g_be5b6a,-0.011412257907897731,-0.005330402753390535,,-0.6156948780609873,20.844124047475127,0.40739884617378774,-239.27771106746889,0.371826427806337,0.5675537293572325,709.2145824496232,0
tr_6e3ed7_00294,0.06074576021929049,g_be5b6a,,-0.07167318337733257,152.215796716017,0.9394367531358726,26.303092763795608,0.2885689160566119,-128.54272104660822,-0.09182056079858947,0.36894834463662984,-1552.5266070825373,0
tr_6e3ed7_00025,0.5662771247445715,g_ebc5d4,,-0.01374696634786803,,1.202191119537371,15.999389541564668,0.33980637856180534,-290.41265873014004,0.19978173455682702,-0.10095241108826658,406.6082020823725,0
tr_6e3ed7_00042,0.003772210704223564,g_ebc5d4,0.029446990477785744,-0.15909579204976693,63.3603570479292,-1.065654658323615,29.870153673378613,0.0873147092076253,-98.45830566283166,0.7361978099322923,0.1299311882099652,-661.5220654630689,0
tr_6e3ed7_00400,0.40111681696139806,g_ebc5d4,-0.004620828173737859,0.04754033689583213,-25.494653004806025,-1.1264571066953624,10.090296421670299,0.2001683032885569,-168.46141510486046,0.05067406426314458,0.8022514098325995,-492.95574618250237,0
tr_6e3ed7_00100,0.2950154501549238,g_be5b6a,0.016346725237069166,-0.05895914067234932,73.61601357925832,-1.7246329367138742,5.565515277808284,0.45227504088406356,20.164775938125203,0.5890405941594141,0.2878170654847607,24.912756152858748,0
tr_6e3ed7_00196,0.14862838209012405,g_be5b6a,-0.018587057051744852,-0.087176846349412,153.63816997359314,0.4878345756691066,25.074164393772854,0.39357419906293084,-145.17558028835307,0.05088842309075792,,13.753350584459184,1
tr_6e3ed7_00139,0.3475374697307973,g_ebc5d4,0.024231277604592948,-0.06613895029550049,,-0.16237485310254227,9.90719440139,0.21469083878622797,-99.50689883170357,1.2386911248996786,0.23457605976343138,746.6304439186682,1
tr_6e3ed7_00342,0.2425632764845968,g_a77c08,-0.06744874385448868,-0.024827479755166092,182.08241059968142,-1.3105184532009246,18.346322746680467,,-49.71006742004768,0.11605199187174042,1.0657853169634384,-540.8858003999586,1
tr_6e3ed7_00045,0.24134489438301554,g_be5b6a,-0.02712584154712892,0.06579648011921088,221.64412326413742,0.5915011555025212,13.769394452114106,0.04783047623690487,-225.7998182643051,0.5964720497210173,0.7026646053685539,-535.4887678347835,1
tr_6e3ed7_00108,0.268301221974008,g_be5b6a,-0.03535585787441373,-0.07280630627102382,233.32984917667522,0.42512430012349145,18.900887418387235,0.5112725006654284,,0.7407580843548875,0.7709279310612213,-638.6685023568886,1
tr_6e3ed7_00030,0.09031251794863734,g_be5b6a,-0.06544578247219726,0.040809436749808886,,-0.35968103290585474,18.237119923531836,0.40839246099616733,-9.174912601583443,0.26063098817933733,1.0483196314165721,241.42175685027232,0
tr_6e3ed7_00003,0.4605334306855341,g_ebc5d4,-0.008834128390453673,0.04252664557448521,76.60168463086552,0.8768382288254585,4.457005402470786,0.3978039492003806,-137.29033499781252,0.6191646059390955,0.28805771998856056,571.0704980365128,0
tr_6e3ed7_00087,0.5353905858568985,g_a77c08,-0.0046316862335504675,-0.04723579823638662,85.96831952663175,0.2030067599182443,22.20053696917603,0.3216241525747818,-18.27397629080224,0.525312887464438,0.2298712928462795,-777.0426535503401,0
tr_6e3ed7_00393,0.05430347459229821,g_ebc5d4,-0.04972627399766415,0.03776208245620821,174.2497821869238,-1.2660280760152287,17.080244696934184,,-140.6407425693094,1.198858595242997,0.7736850104118749,944.4338743064171,1
tr_6e3ed7_00080,0.4813934076254791,g_ebc5d4,0.004876516461733101,-0.05396926226485864,180.39654558410547,0.21531219393241277,22.74935280941438,0.15695938500470477,-143.3822201210488,-0.9784811986257224,0.5901750551992894,-883.2482483098381,1
tr_6e3ed7_00017,0.20873798652384878,g_be5b6a,-0.011650755413731898,-0.06678286076898013,,1.2733720643278335,33.222555743104714,0.08915119480326769,-60.30960822273947,0.6412516571198431,0.7281709000614061,-1678.046358284812,0
tr_6e3ed7_00320,0.4753123322315669,g_be5b6a,0.018338048860428988,-0.00809347099843519,183.14888649402994,2.3614847437843887,19.88960554858836,0.21981955735676223,-144.3874101459841,0.4925809877535585,-0.12866498561000006,-628.3830415245851,1
tr_6e3ed7_00347,0.1874819703175152,g_ebc5d4,-0.027363229410357404,-8.475861967841697e-05,110.54734143571633,-2.003062070937589,20.126821196802897,0.2764535854998801,-136.63043831728353,0.6982084101314313,0.6251886754062953,-129.42068515725651,1
tr_6e3ed7_00105,0.452365901241489,g_ebc5d4,0.02742929867012359,0.03256358144220117,251.78817860495258,-0.09403151780868674,16.633914322861727,0.21689666260626958,-170.40753844556696,1.3748311141929435,-0.1326618008270518,-360.2043799855952,0
tr_6e3ed7_00256,0.12295093668737461,g_be5b6a,0.04040405883098001,,,-0.2930628409533881,21.907679806970066,0.17141394431092444,,0.5878640920262028,0.14332106676258888,-159.4744299298411,1
tr_6e3ed7_00355,0.07129317010690939,g_a77c08,0.00652758120465639,0.08297069027710142,,0.9336821012439893,6.360359245308526,0.16625728585681343,-58.318635227302124,-0.1260902821274581,0.405626612786199,590.730700648695,0
tr_6e3ed7_00173,0.03440959476057231,g_ebc5d4,0.09308933678074012,0.09602694508618614,86.18393050661649,2.3222989872401403,88.59143576824651,0.26662743468387085,-125.6587519893629,0.2264048984230464,-0.2223079708430441,-0.6890439866441227,0
tr_6e3ed7_00083,0.2772748590564749,g_be5b6a,-0.027152889957721152,0.0405005070722495,339.27817113472076,-0.7278192942025482,2.413976603110049,0.38537991161619095,-154.37246671133872,1.740483138765386,0.8236614151273771,969.201656527655,1
tr_6e3ed7_00417,0.15373615221252848,g_ebc5d4,0.025684823309110583,0.012922164293335339,262.2285302071094,-1.8290529379116134,14.341860700378444,0.26630726829122153,-78.91369657255571,1.3951526138937416,0.23465728688933063,87.39908962044703,0
tr_6e3ed7_00198,0.49444186480493296,g_be5b6a,-0.006680649029103041,-0.04878049039407643,197.5671572560332,-0.9387696609877841,7.23435349412024,0.19895314267617975,,1.4093346525941048,0.45657109319057926,-231.10219338941008,0
tr_6e3ed7_00494,0.5527312259749833,g_be5b6a,-0.007631478582559047,0.0009674782333558771,72.9449556610238,-2.002307660015613,20.942380012971213,0.48462723084406006,-276.2192145776344,0.5294278799905285,0.9344133079926092,-213.05472672383314,1
tr_6e3ed7_00459,0.1941332139857708,g_a77c08,,-0.022159789986870897,-24.584854181259743,-0.7687333600054881,16.52963118667599,0.5145473347863629,-117.48236270168728,0.5198150235841186,1.049122827331863,,1
tr_6e3ed7_00376,0.3951689069858566,g_ebc5d4,-0.005178859592210425,0.010535989918537752,13.533502459212428,-0.22898889929065283,11.888708671498886,0.42779733448074336,-244.42961811659723,0.43487570714536977,0.7716540567307834,221.23172598866907,1
tr_6e3ed7_00029,0.007808275671120765,g_ebc5d4,0.03355557906827508,0.1193923967550284,-69.14854570288975,-1.702154531797958,17.528141699429014,0.15189793646756938,-79.8219771080624,1.3624415479328607,0.1259443887525824,-466.95973931949254,0
tr_6e3ed7_00373,0.07648245881716041,g_be5b6a,0.015744255593677623,-0.06777814210648125,118.01634849114382,-0.922614209082859,24.331983247908497,0.1604618671850513,,1.5102367593738257,,-1705.114680207879,0
tr_6e3ed7_00374,0.4605331524983529,g_ebc5d4,-0.008686465550044601,-0.07291862182006802,107.52374417823214,-0.5678224935632651,26.179124530899717,0.485474432328913,-248.1098225894927,-0.14057017423458462,0.5362765480354419,-1338.8319785662316,1
tr_6e3ed7_00280,0.02332642287190364,g_be5b6a,0.06114601942735595,-0.06481993886161867,28.91305411431003,,19.47789710236168,0.2537738444087511,-75.9999440185282,0.7261072016059283,0.029012858052376966,-77.12503970089536,0
tr_6e3ed7_00215,0.023648567615683205,g_ebc5d4,-0.041208020627814146,-0.06503255919836143,84.96561413653305,,6.653009457201454,0.4700752828587147,-228.16263678820457,0.5443890066174883,0.8968817921827003,1246.1709312355088,1
tr_6e3ed7_00061,0.29990114178393357,g_ebc5d4,-0.00010994520434029205,0.018306700288732398,366.0374266182166,0.8847883439629176,,-0.03427128284665493,-152.80993651262295,1.2463881228409925,0.4198150074855204,1371.1698084750492,1
tr_6e3ed7_00317,0.5168251787152391,g_ebc5d4,0.017765321575890353,-0.1745448321248106,,0.5302280681375848,15.519196589552363,0.20188271523258006,-166.2705026767115,0.09565114287219323,,-446.106684428539,1
tr_6e3ed7_00174,0.18790813247148302,g_ebc5d4,0.020778522333534423,-0.008090692125699106,262.1815007497984,0.33445618971499524,7.000233077051329,0.18870391478315907,-106.79252538364742,0.7548510028236073,0.09595063532987819,66.54119283536212,0
tr_6e3ed7_00238,0.5052537985714783,g_ebc5d4,-0.0134848379020631,0.07028508457661353,86.7049063615414,1.2592609900313974,33.35545515471824,0.3478134457643889,-238.3555510367878,1.013175967100938,0.263757116184547,-847.5034270172724,1
tr_6e3ed7_00197,0.17442597160939746,g_ebc5d4,0.05516675567565971,,100.62299191569522,2.9272473978108793,13.462087742283302,0.3918319050827091,-117.29435072434227,1.4346305474939445,0.009308075549812944,244.7143162370821,0
tr_6e3ed7_00069,0.3063897226080349,g_ebc5d4,,-0.008133051961930694,164.87524503960685,-3.911249508047343,17.392222160924348,0.7525185914116403,-196.59684809041175,2.616870356788818,0.3623465694284902,-1307.7064250289432,0
tr_6e3ed7_00335,0.3040892679023833,g_be5b6a,0.018025165680066825,0.036592181428750786,279.19900888401816,1.673975094213322,15.727461339482442,0.455777697717589,,0.2828139444069666,0.22854990829393457,599.5421875993649,0
tr_6e3ed7_00068,0.5098849104880805,g_ebc5d4,0.01949030473820118,-0.01687715422138481,180.68595168130403,1.7670506359844411,22.142815249268885,0.25996853225009975,-175.74300641514978,0.5739449978770718,0.34375761523277726,-1016.582602435948,0
tr_6e3ed7_00203,0.32713227309508497,g_ebc5d4,0.034116325972411606,-0.03861219258956494,57.702806291614806,-1.6533443547792603,,0.28648553195165044,-262.2345263376945,0.775877478982243,0.20345103403610842,788.5807707431845,0
tr_6e3ed7_00155,0.2253430957843301,g_ebc5d4,-0.05913593462071809,0.04922178925053361,74.88810146832643,-1.23669762165261,3.2884479690698942,0.34923843320935577,-64.14470304433426,1.2447473296126512,1.1797413848963432,682.1791760566593,1
tr_6e3ed7_00447,0.13900880650283254,g_ebc5d4,0.0051273941611424435,-0.029425683544829648,139.54240184067945,0.2336201762170867,9.320901064224405,0.11031837621404283,,0.10202499069454884,0.439078663172384,-537.9919397735015,1
tr_6e3ed7_00274,0.5543791195857805,g_ebc5d4,-0.003460419178528713,-0.06109062833420559,243.3588609926967,0.28335514694820435,12.91014918449114,0.20479824858592632,-199.36724269925008,1.1978768662942847,1.1771339043714701,101.83796287552607,1
tr_6e3ed7_00276,0.12425087880323589,g_ebc5d4,0.010045427565800565,-0.16729240853855154,110.12973899407456,0.13195143755091704,17.301350656782112,0.23380482871005343,-116.25382473394187,0.3551439730225756,5.0467480081699945,158.4167837883676,1
tr_6e3ed7_00040,0.08773253145920638,g_be5b6a,-0.0327009480321389,0.016300391306380554,136.87726020061257,-1.2556160687411275,21.958432930001408,0.610652500324998,-63.20216880700505,-0.5915192297216548,0.8789649362235192,-644.8761192581861,1
tr_6e3ed7_00193,0.09106709602950906,g_ebc5d4,0.008821988738643271,-0.01919151757386941,311.5286889146811,0.17552820621039128,23.063446270184237,0.4200931147419983,-267.1236799289871,0.036407899675151234,0.4695650901443192,-766.7259912416808,1
tr_6e3ed7_00144,0.1017309257796504,g_be5b6a,0.023559981792064227,0.00528728683808425,65.922693373458,1.7124094614815757,20.115785484163833,0.2726172396435077,-195.92394513244568,-0.43809510652647854,0.3599010313597353,-1051.9710726417663,1
tr_6e3ed7_00060,0.3494737799746428,g_ebc5d4,-0.020789962965672287,-0.1381409698227165,247.43945715866818,1.3852058841203132,12.41229901439935,0.33813334101731235,-75.34791964976799,-0.003089612507204853,0.9759650443215229,-429.2769133460721,1
tr_6e3ed7_00103,0.05744518172302661,g_a77c08,-0.0052698720668390145,-0.09057797588930995,,1.0911103829538749,4.311922653230461,0.39377688218295076,-138.44143870457853,0.380780308839079,0.4023180517524445,390.02412455609317,0
tr_6e3ed7_00181,0.044284986328967775,g_ebc5d4,0.019997187150657958,0.010130518453997383,293.584777400566,-0.5532252344461954,9.74604850260194,0.22046612199467974,-131.7112984298912,2.156238785825189,0.30063543188842345,311.47823942801836,0
tr_6e3ed7_00076,0.5722097536033912,g_ebc5d4,0.0031318270751866687,-0.013366086728560336,252.63375474884634,-0.5688921029613115,22.12245093592855,0.17147842353602472,-55.83496760884552,1.7409195803615258,0.3124108932852514,-346.22692144383984,0
tr_6e3ed7_00169,0.15163093975167055,g_ebc5d4,-0.02013065361291261,-0.04799841930371096,84.07303256137796,0.25977993459365484,26.16942535574146,0.02648570134723255,-37.605649343599566,2.0507812905793283,0.7467032444762502,-691.5696148538614,1
tr_6e3ed7_00426,0.5036189699904735,g_a77c08,0.0025855995037348312,-0.012385125645502107,263.02093506611254,-1.2118059731314295,13.837504649962288,0.18167848212927198,-131.1514108833256,0.4851522218652469,0.5512406238514139,381.05677890894844,0
tr_6e3ed7_00488,0.5698893989580753,g_ebc5d4,-0.015106100917057268,0.007858391815193787,266.7278668354695,-0.9279720028300614,12.671141596829639,0.14330787114431545,-217.02235112815907,0.7561324841791255,-0.3097985866253641,203.9360200149611,0
tr_6e3ed7_00067,0.46826961647824245,g_be5b6a,0.012749307031393067,-0.0635109289619383,71.13714892435945,0.17610526124127168,7.083042888873569,0.3860320593944014,-148.07411466205045,1.025468167901682,0.15805819724881826,907.5342787407598,0
tr_6e3ed7_00014,0.5403229401959836,g_ebc5d4,-0.011573248340408775,-0.028917812258075805,343.94806569564264,-2.0075667570182243,20.900472686452012,0.5261860875470902,-124.18584606911776,1.8539375354564505,0.4575820126440546,,0
tr_6e3ed7_00209,0.4492094148879285,g_ebc5d4,0.006761169659058507,,73.59607686420235,0.5013158619767448,19.980373278460124,0.38956131070174366,-95.03088611132483,,0.5068790934968908,-106.9357296021188,1
tr_6e3ed7_00457,0.49137129790968626,g_a77c08,0.022237338287092377,,276.73908098159757,-0.16355464257996086,21.07997069687743,0.2582888742596253,-192.15255128495053,0.43814818879588363,-0.13678615802891247,-643.6467604501601,0
tr_6e3ed7_00382,0.2737318747840585,g_be5b6a,0.03885889321551415,0.023113858566363162,266.36623758221486,,24.490434107392474,0.5799338431492504,-208.9910811969239,0.9974431806579547,0.1280595679888798,-1088.6875445976432,0
tr_6e3ed7_00492,0.05501692431122956,g_ebc5d4,0.01805454180383546,0.11091379958261273,-43.454772474016465,-0.5626162205995481,13.94695978595396,0.3386825073123263,-118.97670116881112,1.2119545021935627,0.1722814376538948,412.82770210455794,0
tr_6e3ed7_00166,0.039456868509601145,g_ebc5d4,0.042523399050296985,-0.1018385792577366,122.96388810358822,-1.1929666077013847,7.605436195447361,0.13213922260351138,-176.7471424014966,0.9465487659129206,0.17230465855646404,343.6246007009904,0
tr_6e3ed7_00106,0.3978567915853162,g_ebc5d4,0.009111553458183624,-0.09325050008437445,152.7515231435817,-0.5221150681571555,18.52784726774596,0.10907002922920678,-137.86378014527781,1.10342148843199,0.19176773983332562,-131.5037031122816,0
tr_6e3ed7_00435,0.24866438528210313,g_ebc5d4,0.012010726543594894,0.004852446072653362,73.35223378336696,0.6856763123878291,5.228722138606011,0.44860862874200014,-328.31522881788294,0.2927924124200279,0.5668537577096769,714.1745447236856,1
tr_6e3ed7_00454,0.5249037130848088,g_be5b6a,0.00024614105138062443,0.0019292358191604075,355.5555084301476,2.70171589781665,9.092541604130552,0.41468701490809184,13.351368365482685,0.6533306099275462,0.5003125186114727,493.2954747959816,1
tr_6e3ed7_00153,0.1606666805270579,g_ebc5d4,-0.0413835352427872,-0.04466264865843255,137.39412365324404,,19.168851438316473,0.4175461871547709,-98.51014947676296,0.5813258917450658,1.0601532585438393,-934.3537352816593,1
tr_6e3ed7_00110,0.46118499140559394,g_ebc5d4,0.014656427525950925,-0.04550482873686961,7.903369758622347,-0.22419981055165664,16.966448047705217,0.40113359382102726,,0.5332381669117109,0.17337907028843774,-578.4363571521998,1
tr_6e3ed7_00034,0.10224756616536537,g_ebc5d4,0.025911300232701724,-0.04009498817576157,486.10402394260245,-1.2761852314237623,24.441778658025925,0.4810692859643753,-197.06397035067909,0.3194891301574738,0.1886692344282907,-875.0506296037038,0
tr_6e3ed7_00370,0.5717887218433054,g_ebc5d4,-0.011972841948739446,0.026929952026943576,,-0.22796809388160075,136.6298478536284,0.29068190279875245,-74.07291553918267,1.8437055572445775,0.10100749488629629,-333.4282253009686,0
tr_6e3ed7_00094,0.29284680856545503,g_be5b6a,0.0320344441435458,,234.34162653456826,-0.3214357349750556,3.6641325951295443,0.3798516267955847,-51.14188265386379,0.3357884370025976,0.10312475512544689,-404.6140622896929,1
tr_6e3ed7_00490,0.10743743468585269,g_ebc5d4,-0.0029790419748295946,0.011007808786306274,159.5566698117933,,15.993757874505846,-0.0065033708459923956,,0.33908786109018507,,211.36123016809253,1
tr_6e3ed7_00484,0.515576537048481,g_be5b6a,0.02362993010163113,-0.04546225625082408,204.9558959937625,0.5433880990021471,14.202352234876175,0.35740835017548706,,0.19465568393180843,-0.05231926550718313,-1015.647836032557,1
tr_6e3ed7_00409,0.5487740752534144,g_ebc5d4,-0.008853085212688388,-0.0490055716994058,287.19844353380586,-0.8658467841960396,-8.738469884372728,0.378237778734849,92.81292698597589,1.00766225906709,0.8660506181012286,1434.7514261327642,1
tr_6e3ed7_00440,0.5466269434555117,g_be5b6a,0.0021132135919542986,-0.17052515134294935,139.86949999426,0.060705784937238765,29.889826927540014,0.2851319774269634,-30.292167346992485,0.13963827501942,0.15026817142626614,-1113.6222544040406,1
tr_6e3ed7_00113,0.22952193308374616,g_ebc5d4,-0.09248640268058193,-0.06755556147774026,133.19646762933732,1.1745939363487932,25.89006288240332,0.23943605817381833,-129.95650608909062,0.3991909084176709,1.4988775942358048,-1922.33749955024,1
tr_6e3ed7_00297,0.0905806210381003,g_ebc5d4,0.01759332600180333,,170.32264607343765,-2.267440421998846,22.41335135187235,0.1721579565716293,-193.42859801231918,-0.7676921652445555,0.26511220674373404,-241.77111416363064,0
tr_6e3ed7_00104,0.001450891192194481,g_ebc5d4,0.02940648830254725,-0.018642905349355702,87.39359897826755,,11.237225699757012,0.49208349157846676,-69.48109819776656,,0.3018768162922841,343.83079995087905,0
tr_6e3ed7_00228,0.4946148587384973,g_ebc5d4,-0.017262733164190303,-0.037883509755626155,112.90029948999307,-0.6152141860199425,14.367531334381592,0.38768223510892785,-185.4250970496829,0.9599516108809247,0.9251415658201858,925.5050154440563,1
tr_6e3ed7_00471,0.18594108690710914,g_ebc5d4,0.0112913007006455,-0.09079288957925082,75.67503115292448,-0.5761394851004983,19.6842599708622,0.3609263983003131,-74.61649650611398,,0.5909829952875791,439.39955398140853,1
tr_6e3ed7_00058,0.13689268574902602,g_ebc5d4,-0.002102775546225781,-0.08587604869725125,,-2.4893720735064298,30.51229178242074,0.34879763541242775,-28.100545559496382,1.283023207622274,0.5926526584001223,-767.6895746622521,1
tr_6e3ed7_00057,0.4945792930067104,g_ebc5d4,0.006520154133252252,-0.0035720737943087076,105.86126769969327,-0.4375768877882318,17.701482445667157,0.17888903443345622,-39.85831573321619,0.6375821547554258,0.20804917503296655,-751.7943887568879,1
tr_6e3ed7_00478,0.013522492739450373,g_be5b6a,-0.10772949193046293,-0.11102605959629779,-49.18443869440787,0.3088327789541944,12.673298769355553,0.07749281461211052,-149.45475138763877,0.26650403255302096,1.5838390739455535,94.25642218908891,0
tr_6e3ed7_00411,0.5508079776358801,g_ebc5d4,0.024879710019500074,,162.36135925029592,-0.9910971744021836,14.292871877722133,0.3558299295753462,-202.16767229810702,0.8727944738070009,,-1174.683051703497,0
tr_6e3ed7_00467,0.5205613817751306,g_ebc5d4,-0.0006273286702142592,-0.07597281678206415,-122.94014127699418,-0.7657834970002911,-1.442932024627856,0.20494847565923097,-93.7315010814732,0.2517035868370154,0.3238284760413481,1197.540072087605,0
tr_6e3ed7_00437,0.44062768094491334,g_ebc5d4,-0.017662571867810586,-0.04494494962861658,145.72476225243338,-1.2878889925063326,18.893612049206396,0.3902872525185136,-178.44052913087785,0.9611303582242852,0.6128539362682988,-300.6463953839883,1
tr_6e3ed7_00392,0.4518445714073134,g_be5b6a,0.00456056762650826,,196.76641048364058,0.710101124534823,8.21669246194056,0.2824187343889833,-99.45538368768668,0.5928562350674743,0.2926900488281825,71.40278694724245,1
tr_6e3ed7_00485,0.06711899884792248,g_ebc5d4,-0.0031926177272920313,-0.0628597633488922,,-0.8196544865568189,9.914721102063258,0.2797683520757804,-173.02470443016932,1.1541569383014152,0.568988522197802,937.7839930749211,0
tr_6e3ed7_00298,0.04107376087149823,g_ebc5d4,0.031640176205978726,0.0730947268480275,166.6481060211046,0.308856478716081,5.451765978091295,0.40376647707660945,,0.2555810303622032,0.3609485525488073,35.03313760155933,0
tr_6e3ed7_00480,0.2009301010807953,g_be5b6a,0.027121641115586344,0.05220173128067625,200.30833406611316,,17.260864152654282,0.13930190250631075,-166.5070705955345,0.3375200692551083,0.20657450357475327,5.800685384306462,0
tr_6e3ed7_00035,0.2710352753827671,g_ebc5d4,-0.016069761747405407,0.0005278958772575761,-62.03087232551337,0.5470803834706192,22.004047297602426,0.0035351826784447704,-139.54029002787254,0.01155252047899269,0.6481477595591822,-171.97401810839096,0
tr_6e3ed7_00156,0.2870076564181067,g_be5b6a,-0.02372358707383835,-0.04503649067616875,74.83651844475584,-0.20116021325774328,12.013489347978812,0.12182864595733545,-88.80054467790201,0.9072274674210717,0.8353699901137268,-558.3034013926366,1
tr_6e3ed7_00283,0.3536200228775888,g_ebc5d4,0.016647062717738543,0.005818672945963832,119.84723257232791,-0.2991865692285707,24.99553140784886,0.6581297629136051,-128.6417645276251,1.2023268763471024,0.2818682819181696,-936.899303593695,0
tr_6e3ed7_00002,0.11243523070581118,g_ebc5d4,-0.10633903776778682,0.03644652053566384,23.61502031626273,-0.27286307990764624,6.289050065703069,0.43684820622907883,17.2440855703651,0.35173648156806636,1.6155812570425296,,1
tr_6e3ed7_00468,0.11543917267795088,g_ebc5d4,0.05246862592048333,0.06872812846839176,,,21.255954679512154,0.34272443879327225,-237.47670475657054,0.5079328353153556,0.041710300773414366,-1320.4565921655983,1
tr_6e3ed7_00329,0.5540519610994917,g_be5b6a,-0.005151147423682919,-0.16373392692331698,297.89173930528943,-1.3277500842463568,5.577572642821469,0.06506158431300432,-67.07374541635546,0.06545624522415217,1.016205912062325,474.4251798376987,0
tr_6e3ed7_00179,0.16378204688049347,g_ebc5d4,0.055029879024720174,0.10661128429268103,52.11051962183916,0.509086247840383,,0.17037303468823511,-135.55886211685765,-0.16697658344752864,-0.037727859933032404,,0
tr_6e3ed7_00180,0.3006923071153444,g_be5b6a,0.015981689457740075,-0.04173332311164026,292.70418874885587,,5.833894146060381,0.1718617272342867,-194.74431590306222,0.33233760763274783,0.28958025512252406,442.3815440208473,1
tr_6e3ed7_00381,0.02770176425574122,g_ebc5d4,0.005695969410338314,-0.03627703313250701,134.33001505159152,0.2730688543966738,22.335539993289395,0.3145380061358959,-205.2713971353534,2.114168720010099,0.46602861476271834,40.78535928247399,1
tr_6e3ed7_00148,0.3470880833315733,g_ebc5d4,-0.023494914093878265,0.11467204880605168,28.554293096865806,,16.103575395917655,0.2696928110328869,,0.7778673109629443,,,1
tr_6e3ed7_00082,0.16861467856256154,g_ebc5d4,0.012377046133693396,-0.0340989864786038,137.14832754199335,1.0250709420684814,14.753915826600677,0.07727048642724929,-137.41346575499574,0.5607056865689901,0.2593972445451259,147.2088015041144,0
tr_6e3ed7_00081,0.5611327342041312,g_be5b6a,-0.003003107967954849,0.03170112934414078,40.35774399587778,0.5619587096322123,12.794819910817044,0.0655939233270694,-86.05869267376146,0.857417451560204,0.3825882656794997,-109.54129115051343,0
tr_6e3ed7_00092,0.4475306615158296,g_be5b6a,-0.02462410934859693,-0.030433282511622067,647.1818947042055,-1.119362781631792,25.059953340873058,0.4972500724422436,,-0.1205069727418846,0.8059511150093481,-225.4812724948083,1
tr_6e3ed7_00371,0.2217405921610325,g_be5b6a,-0.006408819151025865,,221.09361108452788,-2.2906657636738714,4.782131841822121,0.1990234522141324,,0.10173900308793282,,281.31466026426085,1
tr_6e3ed7_00434,0.465852402120451,g_ebc5d4,0.002580198283455454,-0.05293199534080767,201.50207876177433,1.1175902637485624,16.988013928149005,0.10021713363380147,-133.74731101467688,0.15307080916223093,0.6324335352066437,-352.37991595608634,1
tr_6e3ed7_00072,0.0055940372757540555,g_ebc5d4,-0.0022190075356580295,-0.04351142233958001,301.40975383928634,0.36331973115671234,21.29527989419832,0.2067091750908389,-80.24299769149042,0.6682298250002465,0.6301777716159045,-1385.7072618340758,1
tr_6e3ed7_00064,0.22821870641240471,g_be5b6a,0.03593174100488628,-0.004077668718457394,175.83678199200358,0.799411440309366,19.414029442335465,0.03160658307662231,-259.45684638168217,0.07707849149998192,0.39797689380581114,94.99630176862163,1
tr_6e3ed7_00016,0.2066662221015858,g_be5b6a,-0.004586823183702064,-0.049370510347090536,-173.27872471176093,1.7565230471362079,23.655640592941516,0.45021972031360546,-44.16210244804263,-0.7332331033663683,,-121.74302961615696,1
tr_6e3ed7_00313,0.19544545319405401,g_be5b6a,-0.002140478134827926,0.04354427448509547,-63.71504861127815,-0.7612814191249819,20.767743666778976,,-90.07306003214808,0.3793449565884657,0.378297258697594,-973.3496518017731,1
tr_6e3ed7_00019,0.4638895844119563,g_be5b6a,0.015916188373691825,0.035253615059810575,194.4999039766841,1.9148836195455554,37.75700817928039,-0.0009317303041673219,66.5434983840211,0.2449327540995272,0.1315510757298478,-1878.9530315708098,0
tr_6e3ed7_00147,0.24549753602929708,g_ebc5d4,,0.04419153507865957,248.26304451861702,0.16222514091348292,18.32129015545963,0.5592412179597617,-107.08687519269614,0.3895197342578698,0.14265564977718176,-111.41495767488269,0
tr_6e3ed7_00091,0.17244147751069408,g_ebc5d4,0.00211201355215227,-0.03742978543161255,153.92128013908,0.4260060031770583,22.188638356406454,0.6475717982238887,65.28359809066497,,0.4519770471492242,-353.1243592829794,1
tr_6e3ed7_00258,0.13280724185633938,g_ebc5d4,0.02750137788663243,-0.036434487151825685,212.21586468387315,-1.3953506776588036,16.24042354516767,,-43.03573311448655,-0.28834527583595326,0.2161390663834501,285.42552775804904,0
tr_6e3ed7_00184,0.26451281000030125,g_be5b6a,-0.07871573614387542,0.05200572986439121,224.7388215510311,0.19018962179021892,15.414909723602877,0.5574631945393034,-83.4512937291925,0.39323561799453055,1.4483403232785759,1066.9838308920353,0
tr_6e3ed7_00415,0.3655441644267162,g_ebc5d4,-0.004285413379281648,-0.01742190594508914,51.17042577507149,0.9465279321203537,9.116467298350628,0.702506806376414,-78.82652939318469,0.2899660028768069,0.48269485455237726,354.8221649989604,0
tr_6e3ed7_00481,0.4122240193480507,g_be5b6a,0.0026498979492988804,-0.02950396228516909,,1.029743286336377,16.47433983901783,0.32710512625485066,55.23162432891654,0.9485030903807752,0.5696396186616031,376.7888387323877,1
tr_6e3ed7_00315,0.5493739562617608,g_ebc5d4,0.011867449517947645,-0.04817589019618215,260.687420752054,0.5650998399934378,28.66202154733618,0.11441433378519517,-140.1462990701259,1.2445891067246944,0.7209000554378032,-1002.3182456040881,1
tr_6e3ed7_00464,0.481795825303188,g_ebc5d4,-0.005987816259633403,-0.11474852665490407,78.9335118434737,-0.05323890687149818,,0.2912938266621138,-141.51104691960037,1.2233517577744881,,68.00531882698553,0
tr_6e3ed7_00439,0.32358554511268645,g_ebc5d4,-0.01457291675495545,-0.0963872776630391,243.19268595681638,0.49211022400305116,6.224288039457958,0.3269400895108838,-126.83162294047226,0.8077609532206945,0.6663085366710567,256.1410293296317,0
tr_6e3ed7_00096,0.4770898219797281,g_ebc5d4,0.015968287627555356,-0.026034855805236564,173.26768455922658,-1.62941680572926,24.19181194831824,0.7259388455094377,-116.76205385748045,1.4907039808677531,,-444.85980057818523,1
tr_6e3ed7_00086,0.3267908883996756,g_be5b6a,0.01291465119475033,0.07786383699087725,216.01200381796485,1.5987304496287766,20.80375340975889,0.030883594783743473,-182.0138359123867,0.8886076524460917,0.1328518952407688,-749.9683278659717,1
tr_6e3ed7_00261,0.42974732167745516,g_be5b6a,0.008747660987525552,-0.08551714908331193,180.43700100194798,-1.409455008699974,24.311125961329275,0.18264451798929154,-187.1261576280508,1.1020773356739983,,-794.4994395711464,0
tr_6e3ed7_00475,0.21138964202161803,g_ebc5d4,0.09359372716751359,-0.07752395432422123,247.4812838474933,0.08768594807716233,17.70327538441309,0.37137400423394495,,0.5145983441025068,-0.4838933301548414,656.8827815933655,0
tr_6e3ed7_00078,0.5451896628271695,g_be5b6a,-0.005185563980159112,,69.81709915122894,0.4890210579579296,14.35762381846719,0.2839290674667153,-80.40581330005504,0.42456232416481365,0.5811675458988395,-382.59190038391637,1
tr_6e3ed7_00126,0.23301265145349376,g_be5b6a,-0.028061861000404847,-0.06833376707181689,301.8605916545442,2.236889784760516,27.364991503854775,0.39786247216109666,-83.49662165504526,0.37169492874579196,0.847570754798251,106.90712755538269,1
tr_6e3ed7_00299,0.5110722078632713,g_ebc5d4,,0.0022213488759854766,48.769603767645975,1.0829024452412759,9.496067613043238,0.09688577506512222,-156.43200133051988,0.8016871352031142,0.6083660175715349,-504.8374698854601,0
tr_6e3ed7_00337,0.16495433650537472,g_ebc5d4,,0.014869030738483096,174.82578081564378,0.46009142659061397,,0.20817395254586096,-118.86868268385754,1.6971250233661581,0.5518715441400242,652.5301503961491,0
tr_6e3ed7_00359,0.4646450953643812,g_ebc5d4,0.008634872449730147,-0.13785476720542977,166.08357849031833,-0.27478694352266475,18.146922768971073,0.347374331871547,-151.83151057818856,0.15113133097913362,0.3179176971425491,-1213.8252840445186,0
tr_6e3ed7_00124,0.061331288895196276,g_ebc5d4,0.0362270123357314,-0.008990091314273202,210.14342495707015,-0.37642850963678476,3.9964664625100994,0.2046625007733782,14.795863097384924,1.4574091295486635,0.30832589059672777,462.305307721339,0
tr_6e3ed7_00461,0.04953568102605953,g_be5b6a,0.0065143809293014545,0.11849825523381259,40.36893294279567,,9.759460249127713,0.30316836808666664,-170.72016912774308,0.545418572490912,0.4330464161190661,138.3123329690567,0
tr_6e3ed7_00213,0.2638304170610217,g_a77c08,-0.030898234731068404,-0.0009115850569956126,98.06721739691572,-2.9539486757007714,4.950809733192326,0.2730485802317691,-195.34684447368937,0.9502940945137748,0.8900439661286931,-427.75300604080394,1
tr_6e3ed7_00192,0.01775679568505314,g_ebc5d4,0.006062342437989167,-0.06984500606966954,156.48154464378717,2.32884785670857,24.578713561497583,0.04678210591035478,,1.4209071878414354,0.5559339075310141,-829.0782298267405,0
tr_6e3ed7_00356,0.42189513654920835,g_ebc5d4,0.01318215304826921,-0.15290561707467462,85.34530292264637,-1.4247365191552788,16.379013928741543,0.3368784382061843,-109.27756559947974,0.5452927400524593,0.1449825250802389,,0
tr_6e3ed7_00325,0.15124223831379635,g_ebc5d4,0.03212425278713269,-0.00554277041605802,-10.549967685707514,0.7472292135454331,20.795683506950187,-0.021823157644410784,-130.2549723010071,-1.0945955700590315,0.18438067149438053,-371.0179519370897,0
tr_6e3ed7_00129,0.4117189519481263,g_ebc5d4,0.029216891685330513,-0.05237664189181129,84.73128333386448,1.5288958866920304,-0.19831406010430364,0.2569123045374214,-16.207105991704566,0.36651407229497507,0.13523087071841244,874.7221377328825,0
tr_6e3ed7_00037,0.5548081914102803,g_a77c08,-0.002572060703413057,-0.06902175936352244,90.84631719379637,,8.369066810469402,0.23814787941089438,-83.93992179305192,0.3428672640039846,0.5103201647405822,263.6988015684349,0
tr_6e3ed7_00456,0.04906555155423086,g_ebc5d4,0.013499757220916106,0.0003501925062075889,333.277146455295,-1.245032227907901,20.625043536128686,0.29340539142160527,-138.77105063480124,1.1660622698224603,0.3358579901319546,-1084.2098147536556,0
tr_6e3ed7_00141,0.4848365128125069,g_ebc5d4,-0.004836317085389598,,151.4787255073073,-1.4287792138392552,9.605985716928945,0.2020698422914482,-12.530190269194492,0.6892999424888062,0.5772875635157901,-841.8142258752939,0
tr_6e3ed7_00270,0.3820669754724864,g_ebc5d4,-0.010884139992709239,-0.0475284868072179,72.42879839757389,0.4494578169921526,27.3081887459387,0.34048888527975313,0.7805782241907622,0.39369172208851355,0.8928867073172586,-666.63421723862,1
tr_6e3ed7_00005,0.36023390910660535,g_ebc5d4,-0.02127610673293309,-0.16522525319256723,197.2850834718921,1.2625142183393312,10.871018079549305,0.29114987136003057,-272.0150359532219,0.2898984431035803,0.8475815617738512,-232.0373918772248,1
tr_6e3ed7_00330,0.04570957983486133,g_be5b6a,-0.05515314042836514,-0.06592731210859755,100.69519531799047,0.12914248006142362,16.785263490619826,0.2454440391132802,,,0.9321265673275394,401.9673514246043,1
tr_6e3ed7_00328,0.5402091210876816,g_ebc5d4,-0.0025746535550349205,0.04987114019730157,70.31828251688613,0.7523968375985874,19.6303000472924,0.42662762742477245,-174.6288182127092,0.3709622666192102,0.07548388022977964,-1281.3757592383577,0
tr_6e3ed7_00217,0.3602565590903077,g_be5b6a,-0.020933752788010393,0.11416609446758981,124.02977343754617,,7.198661546114675,0.477272073022006,,0.4309153146490067,0.5034293942014539,282.9350713955099,0
tr_6e3ed7_00433,0.31549287797573805,g_ebc5d4,-0.05054406537257822,-0.01613665495864825,97.24959803516589,0.24731578675653323,12.683271621426643,0.17351679150381033,-143.37067571514518,0.2627205683270873,1.1323485715944335,372.3254521170305,1
tr_6e3ed7_00012,0.48489612196104726,g_be5b6a,0.009053605024149453,-0.010577077183596004,241.0421749937575,0.9608817733913563,6.141576292173019,0.4390775124358134,,0.7260188659003037,,754.4774538860763,1
tr_6e3ed7_00338,0.3378863790534668,g_ebc5d4,0.02441324336703396,-0.08211824381914719,233.38300930838022,0.779596145976489,18.048223883248344,0.5309316768993335,-115.56217781403741,1.6546613373833883,0.10716239767517749,-679.9297864053675,0
tr_6e3ed7_00063,0.04698457762170791,g_ebc5d4,0.03788888862044341,0.08701839113902674,51.80873352324929,-1.4736781180085143,23.04588941414506,0.20017288554918805,-117.6459224631329,1.1691323299711363,0.045655190449463035,-623.2490318499018,0
tr_6e3ed7_00262,0.46149988280323695,g_ebc5d4,0.0023234749138469637,0.044665448203755814,55.87934665882963,-0.19578035965245646,28.21208294652844,0.19864603808574988,-195.5233225696141,1.088160266598504,0.5256154279765186,-1156.9161377158562,1
tr_6e3ed7_00352,0.2277258460506195,g_ebc5d4,0.005042707722058775,-0.049877968823087926,,0.4355091881863109,10.968919616730588,0.4092365307952447,-133.53541870737914,,0.4506935539496822,704.5334480234261,0
tr_6e3ed7_00302,0.008161780195486907,g_ebc5d4,,0.07620856065197856,309.7973074744743,-0.49628321997795255,0.331759553267279,0.3695331963026845,-175.46262444637784,0.9751573026842425,1.0695477738035382,156.0055792501,1
tr_6e3ed7_00075,0.11987245790125409,g_be5b6a,0.0014937198708017733,0.02887343751190714,177.8822771003841,1.4074778278916433,4.670210875344104,0.2591498791317167,14.761193193900723,0.4822099763272919,0.6567052241454225,-645.6341050872458,0
tr_6e3ed7_00334,0.054729013652364954,g_be5b6a,0.06649419284759678,-0.0070848436945197164,168.99245335134455,1.1866806173098277,19.70619860321505,0.019412498139953716,-152.50760495154674,-0.6637237666940147,0.03200532583148341,-925.981167415097,0
tr_6e3ed7_00386,0.03291644878774206,g_ebc5d4,-0.0014529576071636821,-0.0973277412812358,234.1853098554618,0.7169992231698302,12.745983378492012,0.1092897889011134,44.69325675986683,1.5432896565518288,0.5652871301060308,-72.13157065053102,1
tr_6e3ed7_00286,0.42326204620307384,g_ebc5d4,0.005042117672087654,0.049544276211036936,-24.918960287335267,-0.5298737784655262,8.052920848394034,0.394773531240481,-363.3192513079657,0.20818400931350506,0.2605725496833893,230.1596876919223,0
tr_6e3ed7_00234,0.026001931270651816,g_ebc5d4,0.045717406808440796,-0.010654890678521984,136.60108638235323,-0.8292287560761238,16.349078836410655,0.26937588051479855,-92.19465078154349,0.36500892838121274,0.26100428727777103,-75.07478761131489,0
tr_6e3ed7_00375,0.19376910980883458,g_ebc5d4,-0.014867554801596582,-0.0700929332161922,-22.69711297621143,1.9609329165808407,8.415999883246322,0.2843358570145455,-174.16365212585447,0.2408001416735821,0.7622113243073908,,0
tr_6e3ed7_00388,0.23417781636380586,g_be5b6a,0.007375041219437728,-0.13050313391702079,328.7053446628871,-2.2574530737933407,13.104071024497769,0.30506240806251567,-89.93300656321861,0.9196195342446267,0.39007345378024094,-158.31499533317685,0
tr_6e3ed7_00455,0.4757371771184246,g_be5b6a,-0.001452030570192394,-0.0011611605675480446,300.79719246333326,2.7051974454486203,19.85057861232312,0.3556284976604416,-152.57072410060417,0.2113444965119171,0.5822236608630922,-161.1472663571372,0
tr_6e3ed7_00241,0.16973808297521345,g_be5b6a,0.01579325056202441,-0.08807750735900359,342.3437618451935,-0.2640608435748729,23.168376484389817,0.43385545055289243,-201.81282437308312,0.7208789517131198,0.29197463744716035,-486.2699985412045,0
tr_6e3ed7_00296,0.33511835296678,g_ebc5d4,-0.022431517971376838,-0.013382691658750338,225.73139897121655,0.9532099331846552,10.231028506660252,0.1725058626381974,-208.55567467818136,0.7884833613598858,0.8089417797356134,-455.0805515924163,1
tr_6e3ed7_00216,0.30005475374522117,g_a77c08,0.004299945416091655,0.009733060700101086,184.38118715079275,-0.41378579790614667,9.73241019693084,0.23399767783276357,-67.7924755642832,0.4798347989410362,0.4543355849742351,-555.0604496710218,1
tr_6e3ed7_00168,0.21072597945979152,g_ebc5d4,9.712930670981407e-05,0.02331654353488018,,-0.6900147542195127,14.41961048645984,0.08667252189421115,-89.27923673548568,0.15827333462830612,0.49727456584265456,215.49150929183466,1
tr_6e3ed7_00442,0.03553902352679693,g_be5b6a,-0.011377186238147746,0.05243149925643982,262.900728171189,0.9362978707668135,27.01098610075941,0.11020875751930814,-207.5965243588214,0.28015577571493294,0.7286073731835896,333.8602766087646,1
tr_6e3ed7_00360,0.45752411684747807,g_be5b6a,-0.00962182964234145,-0.0008281271805550515,,0.5338559018636169,18.089542750826343,0.11655028490145936,-222.55627007801968,0.20260385392462044,0.4107625084007502,-240.33467392445465,0
tr_6e3ed7_00136,0.24656264836819822,g_ebc5d4,-0.024126296648431845,-0.04672625575435358,98.39940504344787,-3.0516436861242062,19.363736936321196,0.36246405403041204,-30.24576997538574,0.6034269041232774,0.7026090473722604,-154.12985290161765,0
tr_6e3ed7_00199,0.12670347730856765,g_a77c08,-0.008478557423213955,-0.0704058852838112,128.7490079047347,0.730882054809063,-1.194978133981346,0.23137443397785915,1.8480954954844577,0.5823390399656685,0.5349284419278244,,0
tr_6e3ed7_00282,0.2507721849517011,g_ebc5d4,0.046576403422646295,0.02419805533913161,248.5520416092474,-2.1472227263006443,6.583399703992258,0.5060305927745796,-52.505715396756756,-0.4598365523536859,0.06646681759644235,370.19385872119403,0
tr_6e3ed7_00290,0.4724590229276006,g_be5b6a,-0.027685228246110305,0.024130446664819356,46.92557456361392,0.7461395882028298,10.499102190264837,0.0520216049706963,-234.0614245610442,-0.6229517394313627,1.2705045078937514,206.11004722390098,0
tr_6e3ed7_00404,0.3056793068143293,g_ebc5d4,0.00590192453978274,-0.015829722089877284,367.71046596130634,0.6796927417012864,9.03052980150094,0.4450841608659465,-201.14633396205252,-0.0938053894122145,0.2289012719198501,-172.11076875669107,1
tr_6e3ed7_00403,0.07801842424224038,g_ebc5d4,0.024087484668970007,-0.061429369062931435,338.60955608971113,0.025795829286943142,25.080807200328,0.16943896823944565,-189.96701602533065,-0.19430387235016933,0.14823078351554508,73.24056292674376,1
tr_6e3ed7_00230,0.10915928378560595,g_be5b6a,0.02639702903387294,-0.11478376853661813,102.3465249301368,-2.290012143716991,15.274081586206218,0.22553334817342033,-214.5284668180224,0.7879652689913978,0.21239564991285165,89.93832369640356,0
tr_6e3ed7_00423,0.12723613735920983,g_ebc5d4,0.0017627924391273178,-0.018350381936310438,99.37381945125321,-1.4328751138948794,0.3930164077180347,0.2926739636186222,-81.66281427245255,1.6675135877771332,0.3025874972470636,78.63307902889218,0
tr_6e3ed7_00289,0.41708572391252885,g_be5b6a,-0.004826390377083427,-0.02501754907123723,-64.68711389101514,-0.1905051288026632,28.50693564860324,0.16316006763851354,-236.01155841512232,1.60933762313972,0.30907515585760903,-485.92149453468653,1
tr_6e3ed7_00443,0.07160581240906713,g_be5b6a,-0.008301350314004748,,203.01586252401194,1.7928034538181028,-3.3705975098414473,0.28624394527951186,-177.34915818254308,0.588155132193435,0.6460747974236213,,1
tr_6e3ed7_00163,0.46574828262578977,g_ebc5d4,0.014161207648104954,0.06775596167130292,224.2556569223197,0.3459395198859826,4.92811256612004,0.014512055632516896,-189.34029727117968,0.41777292171204417,0.02597198091920294,604.1074407171884,0
tr_6e3ed7_00070,0.16999359785725623,g_ebc5d4,-0.03705255657448759,0.08235422230583946,263.8439448658579,1.9928845796172616,23.559194973297917,0.46932903922420677,-255.0287575803837,0.2913044239436987,0.8928183501341591,-146.41250567087323,1
tr_6e3ed7_00406,0.18474407212288982,g_ebc5d4,-0.055926529889265074,-0.026841257851762192,189.13463941454125,,35.62434655312587,0.22740257696778987,5.738908879071985,0.8954786135858369,1.2110253841955023,-2055.6405886153793,1
tr_6e3ed7_00118,0.15953386649052145,g_ebc5d4,-0.050720524257516816,-0.051643117410100754,-1.8003584467714973,0.7501859045482199,7.5087738767911905,,-215.7687753680624,1.9204089226464638,0.9486158173622755,1434.3588256632665,1
tr_6e3ed7_00391,0.3974898696380332,g_a77c08,-0.022419720999953072,0.023621528093751214,70.86233615960225,0.7773099186820736,9.667776416010938,0.5640520579835064,-158.4487890064827,0.5123824855784884,1.0026369189958404,62.75334216277881,1
tr_6e3ed7_00013,0.431897910423102,g_be5b6a,-0.01999542881654926,-0.030953596865364967,393.1656494158734,,16.31550345573088,0.20567971337730512,-121.13545511509083,1.1337106539636572,,-848.594606659039,1
tr_6e3ed7_00421,0.5567656533284892,g_be5b6a,0.005580752817202894,-0.11254399864390402,82.0443926354,1.434850360094699,6.145228290884209,0.3750816198247604,2.726091961304988,0.05591163721477532,0.6152433352812154,350.0771649810008,0
tr_6e3ed7_00366,0.3782640399804387,g_ebc5d4,-0.027618686628516152,-0.1432635828824562,258.5060416973842,-0.274271401794686,4.051392843077977,0.5630488830395649,-171.16344622952033,0.6460055531669268,0.719991791092917,136.82815252433355,0
tr_6e3ed7_00321,0.5693122852361534,g_ebc5d4,-0.01827318642701642,-0.08090675699249164,,1.1880065142196574,10.126345729121354,0.35539832506890057,-187.420539733585,0.7046931446058183,1.127880742407513,737.6976663666163,1
tr_6e3ed7_00170,0.17927271371391026,g_ebc5d4,0.007493670204209229,0.022302993874647393,250.93273260565118,0.5628569706225947,12.203037800357619,0.10783304128099158,-80.56691937268812,0.8532168745966664,0.6405785832395787,,1
tr_6e3ed7_00450,0.4376367163753881,g_ebc5d4,,-0.027233157307207316,81.44576557866868,1.39569053845337,5.186996651763547,0.21532078642375033,-193.99666402338352,0.08088311709244411,1.2937413394900865,673.9001384502955,1
tr_6e3ed7_00233,0.05885175911432984,g_ebc5d4,0.029284715756339754,-0.051169248753048804,128.03713028073537,-0.8096131615730319,15.700704545671766,-0.11541806130950455,-45.28271328032294,1.5854544566454085,0.15791787842221983,-36.922742991969216,0
tr_6e3ed7_00226,0.5511494261393546,g_ebc5d4,-0.0027542012384322847,-0.017933215730725274,212.0016853916199,1.2366306354566088,10.699559842021664,0.17069606517016492,-162.93027163548996,0.40270559901126657,1.0517344005384932,540.9905209948023,1
tr_6e3ed7_00145,0.3205904481545113,g_be5b6a,0.012853193126286008,0.1740053860219755,312.33364184267384,1.1819109959294531,24.646977821191122,0.1555763494032752,,0.3098853409946271,0.14906903041093528,-934.944628586529,1
tr_6e3ed7_00351,0.04110307167250068,g_ebc5d4,0.003817025547380921,-0.1431548972317858,86.9162480831978,-1.4228804830195259,11.234764288418074,0.09915559159198822,-194.7351953069387,1.4158219372445426,0.40112119129718515,249.48519476434822,0
tr_6e3ed7_00000,0.014666111951139501,g_ebc5d4,-0.008915759513663853,0.010600995345625908,172.68780828583525,0.893064322504487,,0.4647683931200746,-11.982959045228014,0.06284223123362465,0.7165503907250157,-181.98486245566806,1
tr_6e3ed7_00385,0.02787500417125712,g_ebc5d4,-0.032816805458225934,0.09602508466346403,320.7421997031478,1.4716557819081626,7.240498802682072,0.20847138594093242,-133.43821598338093,0.6004231908311142,0.7558459976029,-71.80232364051174,1
tr_6e3ed7_00011,0.47829413073700255,g_ebc5d4,-0.009212965189106054,-0.045527262116987474,205.88171046942438,0.5136562391213754,21.44877327699208,0.28154809930474517,-183.2816353494165,1.4265580294310427,0.4390610266571942,-1438.7150431881546,1
tr_6e3ed7_00007,0.18762076745424155,g_be5b6a,0.007061034052951785,-0.015280487466823704,-14.72326000429976,0.9313965320051268,0.7953826322399458,0.3836552748208567,-182.81744467851576,0.6191963685624691,0.39752682562302166,-575.1077339582887,0
tr_6e3ed7_00177,0.37295108769611063,g_ebc5d4,0.0009434771127763896,-0.04069809082085461,287.3962593632799,0.47823721421991683,14.314733590805123,-0.41781945434937534,-110.98978275208783,,0.6422012171019179,-28.488739224256477,1
tr_6e3ed7_00056,0.36522812628143164,g_a77c08,0.03343392263234144,-0.05977254737046783,451.05426399514647,1.1820706749741423,10.912557959496558,0.26765191487488216,,0.6508709545390476,0.0827772252922579,668.3034624143174,1
tr_6e3ed7_00200,0.4525925364723297,g_ebc5d4,-0.011732650143621588,-0.06486865755374746,225.19717107854848,-1.1161398354812868,17.5752440448171,0.24591937645648504,-134.86430900632683,1.560094134601273,0.42020377362089073,951.6833097186949,0
tr_6e3ed7_00311,0.5355450985605096,g_ebc5d4,0.025126859799728524,-0.13143782891774305,170.44190909939567,0.6391928186959713,9.119606528860679,0.36289788657422156,-238.04809775291818,0.675904595905036,-4.607128211559779,15.709654003811039,0
tr_6e3ed7_00367,0.2789278850740181,g_ebc5d4,0.005953480924826399,-0.037883554596531255,316.703997466305,0.24715574460412937,22.8024683392062,0.26014455185902036,-108.46579547985937,1.4397788650806294,0.4416696949983292,-1480.5234395326088,1
tr_6e3ed7_00246,0.4899365340811283,g_be5b6a,0.01127975604780575,-0.015323593652798662,159.0760625344854,-2.7157388471309307,5.654751915511326,0.10682803812043137,-25.904013608005826,0.9463166779583339,0.4866684392900555,228.4666469183459,0
tr_6e3ed7_00384,0.5585600751720683,g_ebc5d4,0.008712667076569862,-0.11453261868651352,126.11892145066982,-1.232901741667971,26.249614810455903,0.07333083774226745,-141.91762881491783,0.20301110716463494,0.20419700666079366,-768.1711663225869,1
tr_6e3ed7_00427,0.2961258148481237,g_ebc5d4,-0.018040499983784358,-0.06444803446750852,98.37128906146052,1.5193802557029197,3.522345042655264,0.22275099229876516,-67.24512099846677,0.9414045336510264,0.6740237994347844,-191.57300344523475,1
tr_6e3ed7_00218,0.39601165897041696,g_ebc5d4,-0.009319262180408353,-0.03026245411706814,85.12610479531985,-0.650219527785728,19.94413056045512,0.16294415455367323,-153.21900645276247,0.058596459327030614,0.6429993518780714,405.52348918988184,1
tr_6e3ed7_00023,0.07651867159346351,g_a77c08,0.025216989362194204,-0.058779022091154556,222.41120023828188,-0.5728261971693213,,0.18385655675313006,-161.65100643098438,0.952984256684273,0.21554130526773413,-488.8840794614233,1
tr_6e3ed7_00073,0.3860885501567539,g_be5b6a,0.015205876576119354,-0.0024821287660110568,387.5247553175042,0.3752861619431527,1.827888071901727,0.35538288754550074,-164.61226044806483,,0.17078874847074593,137.9498648070522,1
tr_6e3ed7_00396,0.3548573417504839,g_be5b6a,0.015056612543896671,-0.043261806062273006,165.76772022828865,0.8984786628481174,18.402017568198886,0.11686747332462821,-178.781294621849,0.8381049883510282,0.18188870980074023,94.89862522017293,0
tr_6e3ed7_00022,0.005726554643910246,g_a77c08,-0.017986307429048564,-0.07285405330084244,,-0.8946031341676121,13.998097945610608,0.41474984935926884,-149.41604274665792,1.3248154061971382,0.8067053143635083,,1
tr_6e3ed7_00244,0.4982808351872443,g_ebc5d4,-0.002586762061863117,-0.13328387910082634,1.430377524010396,1.2998687799324617,28.71413430912287,0.17891822135474728,-131.08565117943877,0.3718037004746227,0.4983478844331697,-2052.224519722364,0
tr_6e3ed7_00407,0.24922551406855484,g_be5b6a,0.005300211147928811,-0.08103986041871473,217.5534497564977,0.026677865315537536,1.1143582190031545,0.2499024481042442,-140.5273577565096,,0.4173905018461639,540.5844468465241,0
tr_6e3ed7_00239,0.38422525920425615,g_ebc5d4,-0.0020496582669267635,-0.13642473344534772,172.6694218446194,0.049700351954048996,,0.4092394131507382,-97.328579482759,0.4844279227270948,0.6053479943100488,-842.6775910264457,0
tr_6e3ed7_00161,0.09732450810205068,g_a77c08,-0.013154700623633175,-0.05257927302743648,244.9261583011121,0.43466788840918547,28.620303288773023,0.1749487310758555,-170.96222182392955,1.0693066041550774,0.5622336454094917,-1485.1704567099016,0
tr_6e3ed7_00071,0.21848821479031055,g_ebc5d4,-0.015921405563193002,0.03906604226183244,52.193790478613494,1.6291349202188616,9.712372312270368,0.3149457941042616,-40.84034489197467,0.4461284811301671,0.4751692178059276,93.27276366880582,0
tr_6e3ed7_00158,0.5029236146277114,g_be5b6a,-0.00381075839122236,-0.009722690388273161,,-1.076740791027974,9.039775186572074,,-221.57382173926646,1.9257817168118843,0.561180026994592,-383.8135154527477,0
tr_6e3ed7_00026,0.38986677726473223,g_be5b6a,0.015364155965520442,0.006619786060981781,,-0.8152398427343641,21.912783595303335,-0.1424773425408224,-240.06924361797485,1.0384225770235396,0.2956529478468508,-1489.0844770808267,1
tr_6e3ed7_00497,0.13004022315464986,g_a77c08,-0.04651113152242711,0.027942982367094544,221.69633815415716,-1.055151037595959,18.158723357078657,0.5021672378703216,-135.28838155942688,0.29993427773509335,0.9020712888524884,-159.47724881546165,1
tr_6e3ed7_00138,0.18650099189501665,g_ebc5d4,0.0030317625901613637,0.06363812333358816,134.956557760134,0.22893758172456635,10.705355801870496,0.14952739435671084,-203.18369648455348,0.8690974416910475,0.36803126011381615,-809.5177796387535,1
tr_6e3ed7_00242,0.5738930434444922,g_be5b6a,-0.006575448882772593,-0.04924920720534248,136.68741984329156,0.7427219880116412,27.3742805877041,0.26156015138553196,-264.9972820248578,0.1270469559315398,0.33530211282264033,305.31810886521316,1
tr_6e3ed7_00185,0.406462952299622,g_ebc5d4,0.014515897606402647,0.06557581363537804,335.1046555519047,0.22698289425939408,3.6522990225533984,0.1640251940096804,-142.9863126269358,2.0844998100956422,0.18566272881960644,998.9388067775884,0
tr_6e3ed7_00093,0.5331997829391956,g_be5b6a,-0.005909134534120619,0.12514300934346456,,0.17947836398636463,26.35454585041782,0.06500944830717273,-29.16308838620033,1.2685343609290196,0.9506639903666314,-551.5218455291744,1
tr_6e3ed7_00128,0.08751092774951498,g_be5b6a,-0.0753303851219763,0.0375313151485414,88.41256038585485,1.2773074382869856,-0.29807103052966966,0.04551816193163255,-140.96269909107173,1.254085974443829,1.332336719283604,1231.7667700994452,1
tr_6e3ed7_00291,0.024342726728431154,g_be5b6a,0.039309409061768885,-0.035604897747229365,219.87651907670872,0.9256711143940596,10.471870885692535,0.23007307859988754,-302.43976120518363,0.9380919892076264,0.13090388058194252,-317.3125705289741,0
tr_6e3ed7_00295,0.2440614906609871,g_be5b6a,-0.020161959939472444,-0.011371686910674248,275.01783089662877,0.522305050828879,22.525985894278904,0.22573616723179057,-40.175659534900376,0.9917171433997911,,-1241.344224620002,1
tr_6e3ed7_00115,0.4979758185179677,g_ebc5d4,0.011329080904727139,-0.07088961180695279,270.7269019305573,0.8727363876819291,21.265315993364922,0.2958457518351025,-28.355856425238514,0.15796636662595653,0.6897695978404339,-1653.9102153460233,1
tr_6e3ed7_00143,0.4860450172324549,g_ebc5d4,-0.012534199566996435,0.009769671839867652,223.79155903882764,-0.19374899132319603,19.17562909293946,0.3276354236704589,-117.43644704829758,0.9203402983482871,,155.75810196585647,1
tr_6e3ed7_00273,0.11110216737447777,g_be5b6a,0.056785822495694686,-0.0429341805125181,77.9799248018065,-0.4836210809932966,24.845088278689786,0.25923322309575575,-146.8497520541199,0.5256680939092908,0.0756459595494195,-893.32379963182,0
tr_6e3ed7_00401,0.2624356528486602,g_ebc5d4,0.008702148038601937,-0.07959218633905406,18.79137724794205,-1.875007750520089,5.846952947102462,0.6399615889943742,-76.83689370487221,1.02340522198226,0.4240493873329146,-68.82922023377833,0
tr_6e3ed7_00119,0.3575997305726111,g_ebc5d4,-0.034473831773390334,-0.016684998927128103,208.58676106383328,-0.381348437985353,18.851180210012444,0.07644178325199763,,0.39603306797848703,0.7638099116731669,315.7427302149249,1
tr_6e3ed7_00127,0.18328694058772418,g_ebc5d4,0.021933271288369933,0.06007715407742047,-31.87404050679433,0.1354850409119039,12.797219231869377,0.2788174513430782,-100.98236589356199,0.40226420478346603,0.10652394621156147,-711.1095111684436,0
tr_6e3ed7_00293,0.4396213798545431,g_be5b6a,0.003195681087280926,0.04613167991785995,362.1612261456248,1.0027799887448914,14.88217663635697,0.38452241753270266,-59.64394625241401,-0.3133927435200433,0.5350372899908367,-43.60165616497082,0
tr_6e3ed7_00245,0.534929933741504,g_ebc5d4,0.012382241537776638,0.019472638252464185,,0.32496840439631874,9.184468810928031,0.4672678397389574,-97.62253695461868,0.9188830231437453,0.354690158481764,137.98504821369292,0
tr_6e3ed7_00269,0.2033711692448874,g_ebc5d4,-0.05098135712588308,0.07838666976862768,184.82791574014624,0.8090198130668235,21.175764499126995,0.19844334254681434,-0.9793440565189258,0.6296747115428369,1.0449991715324412,-411.7850930038539,0
tr_6e3ed7_00271,0.43385276929090427,g_be5b6a,-0.014672497406655459,0.03535231434876107,169.90142047171014,0.8518324268108936,15.75440902895315,0.28267273047707653,-310.3340519666719,1.311627117709031,0.6870963832236123,682.6867967798729,1
tr_6e3ed7_00353,0.35439032213693233,g_be5b6a,0.015644722820078512,0.047904800502457115,100.01102145989753,-0.14048738972760041,9.559916151282916,0.4620029158019041,-138.94299897468352,0.3381978618698379,0.18664396498532704,,1
tr_6e3ed7_00236,0.5619774550325847,g_ebc5d4,-0.010586044830757077,,99.07822318082313,0.3381792794024825,7.757589649273166,0.1934339375231914,-119.41337323405996,0.6160946445016443,0.6352248610601775,-380.02598294186635,0
tr_6e3ed7_00172,0.1855620126252444,g_ebc5d4,0.04336507617767593,0.020710231125631372,134.74185429602994,-0.3781237499437907,24.822841624839803,0.5725898245913397,-228.62303162170156,0.17576677496636672,0.1391727726147458,-1084.6677967406656,0
tr_6e3ed7_00079,0.2285496402674565,g_be5b6a,-0.009034884504238096,-0.06272217036096069,189.76328528656305,1.1194164820754477,12.693989432154472,0.25290388822273246,-53.008210105986194,0.3685619896706213,,1120.3936124728937,1
tr_6e3ed7_00225,0.3123638098334495,g_be5b6a,0.03219387164908674,0.006321739850311876,81.66790782284941,-0.41940573303537776,-0.7455359377767792,0.30306218057113204,-7.034740696294563,0.6201592307328281,0.1852603313096416,669.707902253218,0
tr_6e3ed7_00472,0.14375442682322856,g_ebc5d4,0.05365724699453942,-0.0717655677707467,55.73583715678784,1.9762124020998975,9.974106770582978,0.3831541017698795,-90.36726766128686,0.8466566284659977,-0.023129089418138626,148.18934672256106,0
tr_6e3ed7_00048,0.11022171941512568,g_ebc5d4,-0.07595165575661728,-0.06767936220181135,60.07711626709296,-2.1968238965072064,24.151475746791963,0.2458697113589906,-311.898923818834,-0.016305928303994244,1.1601523559739513,-193.53446037681937,1
tr_6e3ed7_00267,0.06353654158028128,g_a77c08,0.011311592525085162,0.08229399440634223,267.91166441374037,-0.6821643911015993,26.541807113916917,0.5025450665014042,-241.54483105106237,0.9999785822310328,0.35523341849056955,-653.8203356850458,0
tr_6e3ed7_00259,0.03958820231178206,g_ebc5d4,-0.057439174805981943,-0.06425466206649841,-2.9052727704326458,-1.8923561613895672,10.879917672282039,0.06389357593000469,-259.6169984738789,-0.30189494427926344,,542.9226711050819,1
tr_6e3ed7_00137,0.09306115685182544,g_ebc5d4,-0.04337601977559338,0.06524077642674536,89.29463893512566,0.8660549822460553,32.51640579370742,0.31552731558589453,-244.54177498436425,,0.8549873154911047,-480.10209380073127,1
tr_6e3ed7_00314,0.4857359336942001,g_ebc5d4,0.01541683849085584,-0.10018485540115019,7.817486252331946,-0.7018171701965216,32.85771143169622,0.7165212440704338,-136.6937065331521,,0.7378743670442449,-1384.5034468809702,1
tr_6e3ed7_00194,0.42985447339194105,g_ebc5d4,-0.020482782246352003,-0.07121667702840809,307.37062784832756,2.601260378960124,24.47692252299523,0.19221785723639492,-197.9697272502194,0.5985958234732176,0.9552039730479949,-458.1831305081829,1
tr_6e3ed7_00377,0.35910842607948085,g_ebc5d4,-0.007822189785491648,-0.06221142124275003,114.90877356177953,-0.9829332121258286,16.629026157459815,0.3384388911697654,-122.87321082926007,-0.4435594081877544,0.48710598050142706,,0
tr_6e3ed7_00221,0.3197879024227134,g_be5b6a,0.027854758353613996,0.022685001390103567,184.817427120082,0.3724520545250162,15.63594814818073,-0.001901822741522785,-225.92956756363262,1.3264518157190248,0.28102277645489804,635.3333603895767,0
tr_6e3ed7_00344,0.03324219200985127,g_be5b6a,0.038297122585131065,,26.93582041649711,1.1537264878114883,16.636135346519666,0.33488846276778855,-143.9248956272291,0.5166577686958306,0.17600161678156545,-346.2144533362515,0
tr_6e3ed7_00380,0.23641898744555395,g_be5b6a,-0.0072047679704608045,-0.06093780523018055,214.5044658497967,-0.5654937268966095,11.862065164653695,0.48570077920017174,-72.38699439686866,-0.1384076920210503,0.5773198754428218,785.2380793940339,0
tr_6e3ed7_00049,0.5071491915851211,g_ebc5d4,0.001360019071794282,-0.019764156523866372,227.8274109800423,1.957121088037118,17.970529669583865,0.44110767213025043,-176.62411323543597,0.9169019307155142,0.4738530657200296,312.20047953832454,1
tr_6e3ed7_00448,0.4175496201360914,g_be5b6a,0.027215452223044653,-0.05977455368657014,134.8222800048956,0.1078952763531264,23.149456295353417,0.1973271263397946,-145.58243865820614,0.9088923396759917,0.26352462881247773,-1257.7492632758997,1
tr_6e3ed7_00395,0.2581538589057438,g_ebc5d4,-0.024910628644932677,-0.03145794428337556,-127.33148666375209,-1.273430664057953,16.60837651900934,0.2079997845514256,-139.75598503621111,0.5974883348154625,0.7586655551449262,-381.9094904168734,1
tr_6e3ed7_00027,0.10134782569409005,g_ebc5d4,-0.011845320328173769,-0.03707122227034057,279.4076135858151,0.10588470945482441,16.709009665649116,0.3317914506156662,-198.61374430724464,-0.689553952912119,0.8286952216377588,-891.622135038231,1
tr_6e3ed7_00020,0.5693986144377311,g_ebc5d4,-0.013209457503269784,-0.13387031466817342,168.1983218059677,1.3029256608799542,6.802286648644301,0.5065914471687629,-13.413311398024277,0.7461885272454662,0.8408070504435536,42.14520427138132,1
tr_6e3ed7_00363,0.09890674229083175,g_ebc5d4,-0.022727302229209906,-0.025832683951015196,-69.75780875077047,-0.6583235507095518,31.625017965157035,0.4029459882377252,-71.24726995786176,0.06538051328013317,0.7918525231508378,-1780.7820919850064,1
tr_6e3ed7_00178,0.30700742537939274,g_ebc5d4,-0.005373764167945011,-0.02171988055872632,153.2255520075876,-0.8236810515733441,23.22858881637956,0.1290427424114335,-192.66853749178645,0.4962208880055594,0.4152350140349189,-366.42229814689165,1
tr_6e3ed7_00018,0.20515208231981738,g_be5b6a,-0.005219409584675943,-0.05484428111268465,270.99654160247843,0.5318442399474933,19.776590701606047,0.29375737803133517,-188.9489240777886,-0.0984704197976205,0.5659309763985106,-439.49529735788735,0
tr_6e3ed7_00327,0.21884889062393753,g_ebc5d4,-0.02006414082178047,0.01562727764258354,370.16917227356237,0.3699077527610156,20.987079398909056,0.3321482050058568,-260.0673512166773,-0.07018286567366006,0.7967543332456063,-976.9331807918294,1
tr_6e3ed7_00004,0.24970838939010281,g_be5b6a,0.027148230129512223,-0.027651099817013247,194.5818572512885,-0.17560001958348134,15.825711774453188,0.3912334520353257,-143.042051834144,0.743777689747723,0.2966432122563717,385.90985583473366,0
tr_6e3ed7_00354,0.3840601815302754,g_ebc5d4,,,116.4593461064538,-0.4241225895161356,8.326016266374086,0.4276292931192561,,0.19531596489355713,-0.06852001622320758,672.3486661667532,0
tr_6e3ed7_00361,0.38225688176161443,g_ebc5d4,-0.0016120779214199318,,46.88585265289342,1.8844058045270617,18.400396721038394,0.597256064062436,-93.8210871817615,1.0034091110869048,0.675003876673903,-401.41733596367476,1
tr_6e3ed7_00212,0.017327874722573793,g_ebc5d4,0.05658090949334273,-0.10499259081385941,103.72352213527907,-0.20330932668431093,27.9770776866606,0.37602605731277705,-94.62750215076159,0.3690225713928871,0.059710221029169674,-1692.4805137085107,0
tr_6e3ed7_00133,0.1275985084535936,g_ebc5d4,-0.038851477561133406,-0.024196429078969222,83.32483912427344,-1.1546946952221175,-1.5954411009217022,0.4041935634432451,-69.69280765152388,0.013131611104215568,0.9216620364262993,62.396181634190924,0
tr_6e3ed7_00489,0.1928146175571023,g_be5b6a,-0.004591549982869975,-0.09677949923608496,-50.295600928876325,0.5591676437590632,14.74224729241483,0.31853408888435625,-73.50684740822486,1.1449484883774597,0.4321233437431668,-480.5319597996669,0
tr_6e3ed7_00222,0.48884196699475374,g_ebc5d4,0.0031193413684326623,-0.0883276061914065,,-0.09992539369855608,9.068458197230326,0.445371408844412,-154.5795919670311,,0.6378532521387915,543.3252714501062,1
tr_6e3ed7_00430,0.0752020919810703,g_ebc5d4,0.008084838607746853,,116.88265798016289,-0.20561935743262247,1.4009603281704486,0.52680606475647,-72.1136962556839,0.9647259881755221,0.42969053432651205,809.6858713537005,0
tr_6e3ed7_00309,0.49804943411656405,g_be5b6a,0.012591937697315637,-0.17576545891298784,130.18125317459396,-2.310787697492242,24.09350865704029,0.4555931027497683,-210.72971537832257,0.8772505015138761,0.2948464849383434,-1530.1756297070951,1
tr_6e3ed7_00112,0.067630704318103,g_ebc5d4,0.02150002632696656,-0.03328272448773902,167.15226055233097,-1.7986927278110143,6.109513152515895,0.3635386720264293,-183.18274493031663,-0.0011296558688979053,0.361426672473162,938.8981111590011,0
tr_6e3ed7_00074,0.48137114335923237,g_ebc5d4,-0.011130247560869774,-0.002084786405772355,335.82201659715327,-1.0996682223903997,21.97790162550761,0.23542400751877293,-47.66839657507572,1.183370532109334,0.24871305396348214,-1616.7123439115303,1
tr_6e3ed7_00398,0.5002818907166333,g_ebc5d4,-3.3910570704047665e-06,-0.018369165566087888,,0.3908296148387095,4.362516003127409,0.4304364615110903,-219.15888008713293,0.41058092715101,0.5852003122888914,,0
tr_6e3ed7_00277,0.26871893062568575,g_ebc5d4,0.013811752354925943,-0.07732648159174679,121.23567678620905,0.01813714698086555,31.923752088256542,,-214.6500097103792,1.1048860310196413,0.24731438060667832,-1291.9238902781865,1
tr_6e3ed7_00054,0.4192020717588619,g_a77c08,-0.0003447246533296417,-0.0023392602410128617,235.277877264359,0.39261129093130087,11.05402006635148,0.37121967773739134,-300.1465299689042,0.5414182848767097,0.628571326123862,290.77501579370073,0
tr_6e3ed7_00006,0.22377554712221767,g_ebc5d4,0.03091348279234796,0.024476028924722528,257.0850388854264,-1.3771794922661438,13.173158672430654,0.21230244566286374,-148.69006081814433,1.0709600485076212,0.327360757945134,94.14221716193398,0
tr_6e3ed7_00389,0.5738132736212108,g_ebc5d4,-0.01007948964122158,-0.01330041095647343,194.09768473341518,-1.1471163040805448,6.102557516065399,0.2958059185396602,-72.31378380565494,0.7183762034599742,0.5751174193472827,-545.0155799504422,0
tr_6e3ed7_00237,0.29931760331832274,g_ebc5d4,-0.008753761952932784,0.013466807594223699,-1.7351913178154916,1.2089398140106031,-50.16753349293441,0.47238661457255654,-179.03620799235256,0.9910396663724801,0.6515011355910144,-1318.2718230546961,1
tr_6e3ed7_00232,0.43681285056280755,g_ebc5d4,-0.01616550700045302,-0.00036897538630972435,258.7502042480254,-0.7316320787342926,6.947868927117385,0.2616683046873137,23.648898238096635,-0.7446565696427644,0.8395612842318045,929.5116236578684,1
tr_6e3ed7_00452,0.16371843247841886,g_ebc5d4,-0.03088907713082667,0.06889941025495182,95.50824675453846,-2.0275752025440776,16.27889320412931,0.6176698721400082,-180.16213111315858,0.2536902863070873,0.714979444090218,-594.7437831411814,1
tr_6e3ed7_00477,0.03767816465233222,g_be5b6a,-0.010113599235418401,0.060968656992980375,423.45054687014215,-0.0019109187269420458,16.538769798196174,0.2152086324731722,,-0.2305253643806311,0.4964612137935619,-756.4104953022571,1
tr_6e3ed7_00107,0.23453370920071204,g_ebc5d4,0.06630287074856088,-0.03851842442648047,192.21477542863914,-1.5967970700694158,16.951708685382382,0.5507714495378823,-181.04388447757702,1.31577202465272,-0.31974235892982594,-1169.0437213789612,0
tr_6e3ed7_00090,0.32393655400939586,g_ebc5d4,0.038691709963495254,-0.03386631508118407,307.3988893999259,1.2454362493549902,28.497867142500304,0.33612723310875325,-37.62625159467517,1.3574655656223107,0.10656349374989232,-1412.1168366453476,0
tr_6e3ed7_00326,0.017041432670297472,g_be5b6a,0.014706737096351775,-0.007430883231876522,253.48377801842042,1.1540478431020629,10.26526257946967,0.29445149881813015,-84.62315026254723,0.9428453591420388,0.3810519293599547,-56.83164024308786,1
tr_6e3ed7_00120,0.19465842309678102,g_be5b6a,-0.008671821432780724,-0.05121896009109088,,,18.159367967272942,0.1978965823798398,-96.64811228194917,0.6545424638577227,0.48303551839482367,25.756261077458333,1
tr_6e3ed7_00312,0.26691624214371773,g_ebc5d4,0.027200480916213972,,112.38671330801243,1.0612077546905636,0.71032491106876,0.5207280565623169,22.634659662549566,-0.7364674744389393,0.31757405904421965,1021.7885424194773,0
tr_6e3ed7_00378,0.4944449348255655,g_a77c08,-0.0013871229512045528,-0.006808147533395774,267.75192868747195,1.0597975306066227,16.607476583620304,0.3870734198396739,-130.76064284208542,1.2433759906199207,0.2927656056131889,460.6741392287769,1
tr_6e3ed7_00279,0.47079499819394566,g_be5b6a,0.004243770748251304,-0.09361892412850394,288.88648235113783,0.5135988487163666,0.16614354494642214,0.30138982357715105,-161.72340472111975,-0.6929236275314968,0.6027583295598047,489.4126935691887,0
tr_6e3ed7_00134,0.4387610438343686,g_be5b6a,0.003081635137516977,-0.04816700664672819,-146.74884020116335,-1.1271202817342916,,0.5056333856175743,-128.45034139953168,1.1967097197149283,0.4523419059147138,-773.8173071664531,0
tr_6e3ed7_00343,0.26387430866137995,g_a77c08,-0.010025394839291348,-0.05032396669438896,228.3483606197476,0.13576450827217917,17.2906414586086,0.3559571791490358,7.650442906357753,0.46739320266444007,,-710.4616974131957,1
tr_6e3ed7_00341,0.05588706343097937,g_ebc5d4,0.017750038070691948,0.1175271333070627,130.75588454640604,1.515311003864961,6.802946897268017,0.25320287150450943,-174.44317206936265,0.8410675608580211,0.3448489858004298,-168.762528081315,0
tr_6e3ed7_00322,0.43013993831597896,g_be5b6a,0.011102117873295896,-0.04715866124865541,242.2028129971356,0.8772537687377147,16.966350897138867,0.12878839409386394,,0.774739892394734,0.12903401831485412,-1635.5235016818824,0
tr_6e3ed7_00229,0.5778671555168599,g_be5b6a,0.016125210446852632,-0.07948383489055008,330.17947351127805,2.449036971523928,15.20193023907281,0.49314432050218715,-295.4288240690394,0.3840522481651657,0.6188121400730231,16.527822110113874,0
tr_6e3ed7_00031,0.5066838052023632,g_ebc5d4,-0.02414620673117698,0.07679021445532241,182.76241769755697,-0.9733855339911123,25.520733691946084,0.30163538519621863,-243.50225972107168,-0.0017057243219543716,0.7722837419466584,-1421.4996329977055,1
tr_6e3ed7_00036,0.06032605740823352,g_ebc5d4,0.01040305372391473,-0.07816963204151481,114.88795668401944,,27.202812375778628,0.44513553063558275,-114.86096054524046,1.3502768462858685,0.39376954524745117,-359.7106029536134,0
tr_6e3ed7_00224,0.5420869413720605,g_be5b6a,-0.007040431150319206,0.09295225733848682,125.66296989797782,1.5987988918775455,-6.909731819113583,0.039295617955605155,-128.19096715237077,0.4817361632837194,0.7423082708669827,226.0396295879879,0
tr_6e3ed7_00125,0.1232080024431058,g_ebc5d4,-0.02857233031662266,0.08594178218521753,34.30150187958418,-0.5643904610418725,36.520821919485506,-0.06475408655853843,-66.78522551333903,1.3827004839655972,0.7436548009476586,-870.4164373686434,1
tr_6e3ed7_00254,0.10023484477360994,g_a77c08,-0.016940275437152888,0.01963389840864326,110.06463046513849,3.130710152455807,15.276518154855648,0.3556681608620016,-174.6650673837678,0.5931057322390401,0.6428812926293239,-241.90753061034866,1
tr_6e3ed7_00051,0.1163073553181497,g_ebc5d4,-0.009503719356094578,-0.04448360173479077,178.54713104527718,-0.6390480553301631,6.334409491640358,0.1261554548968847,-147.50025400433603,,0.5349948743820752,904.8544468430292,0
tr_6e3ed7_00098,0.2652286176423801,g_ebc5d4,-0.030460135623712695,-0.09875655113243095,86.92544719242183,-1.4947349074848655,16.754536275341657,0.30018103752183045,-73.71733719287984,0.3412446077315717,0.78283487085631,-806.7427142865232,1
tr_6e3ed7_00001,0.17757465059323124,g_ebc5d4,0.03215898224721929,0.002128634174233958,255.77540932222615,-0.010403407199950879,13.914455223974818,0.5526747158398363,-95.01316479211488,1.1068777171685993,0.03442540801761851,-85.31309739873352,0
tr_6e3ed7_00402,0.5727812807339138,g_be5b6a,-0.0013800416421453007,,-137.45834269110176,0.12067320842324179,13.5049519215187,0.1266336270091944,-199.15147744749027,1.274739339610559,,,1
tr_6e3ed7_00085,0.17507719284823306,g_ebc5d4,-0.0522554325876772,,331.9224905018542,0.37987724156962954,14.013915842955557,0.35726787947254696,-236.73461615381268,1.10151267060894,0.8715731449717727,-111.45629550999404,1
tr_6e3ed7_00460,0.2340778342537212,g_be5b6a,0.031221891739485533,-0.09777142091670202,232.16731985777187,-2.7609163863745483,-19.220172754329212,,-99.38080687984056,1.308108404988637,0.04973764830755745,,1
tr_6e3ed7_00482,0.114582316760074,g_be5b6a,-0.03023884397925548,,179.64260141662115,-0.24719712410153213,6.000972092947103,-0.13254857939299458,100.10709227751336,0.45004092704531007,0.7518608788955017,-296.32679703388055,0
tr_6e3ed7_00316,0.3579841474247578,g_be5b6a,-0.05170654662796698,-0.06268602888344066,197.91512604449372,-0.5217119923611383,3.360323243339872,0.21257341132230295,-37.40447023105743,1.0628288704303654,1.2016171931388935,-245.48377287603145,1
tr_6e3ed7_00399,0.046725115574045704,g_ebc5d4,-0.006095986170783764,-0.05943574948979237,456.598095118915,-0.4722180121330576,-8.024440393128275,0.23492159937270543,-215.60408758084142,0.10723480544145592,0.4290992023952063,939.1982981015568,1
tr_6e3ed7_00306,0.132697629496917,g_a77c08,-0.006921685843746996,,19.601329777906415,-0.3373032626289041,19.689888048065068,0.250300062961922,,0.8702768292493378,0.44787089670872204,-615.524659251801,0
tr_6e3ed7_00097,0.5613075742465564,g_ebc5d4,0.009188292973660108,-0.010966193863105439,175.7329114094806,-2.1076788292231075,17.676168500746385,0.2939440089462699,-191.93302514091505,-0.2712317823144278,0.3457514603370936,-1372.8422569448508,0
tr_6e3ed7_00121,0.0023763086164217584,g_ebc5d4,0.0031957428067864706,0.017617143495372457,269.70785739474843,,0.4925216451329337,0.2934563662510601,-37.41692825951294,,0.405040715888243,425.6349875904234,0
tr_6e3ed7_00318,0.36414497774693466,g_ebc5d4,-0.0012952823074734669,0.02508940615951458,9.62898132211788,0.8782629583063752,24.587830022462207,0.07811094830575499,-186.69059174714982,-0.046244036794400034,0.395907221027455,95.55449021229745,1
tr_6e3ed7_00195,0.002999599190958697,g_ebc5d4,0.027021319837271116,,201.19294887004165,-0.8433533776896318,24.37117686645365,,-247.00355323046097,0.28253344095590055,0.4078806099532669,312.6651973121169,0
tr_6e3ed7_00340,0.43980435749999364,g_ebc5d4,-0.004271078479283012,-0.05276957372254804,-18.284707931485485,0.5709470672673057,4.4753084628382105,0.368766394644259,-69.44162469450548,0.01130073503549478,0.28813986120134394,323.9593839966427,0
tr_6e3ed7_00041,0.4617027861435997,g_ebc5d4,-0.009836410814264354,-0.09350399616711783,41.31225858324163,1.272060424457665,15.69957311916338,0.23436621380905032,-196.91189423440028,0.5436009193986675,0.6024674187558217,-218.36220302548685,1
tr_6e3ed7_00157,0.09146269456320692,g_be5b6a,-0.017088026897878163,-0.07186472918754895,209.663401332263,0.7635333054699123,8.928707075510028,0.3450717281601983,-13.627623628906264,0.5102280636244964,0.6486435176635018,1463.3694692221197,0
tr_6e3ed7_00397,0.046006751213299855,g_be5b6a,,0.06878326854023076,133.0051103747853,2.931927212086593,12.318754129621716,0.4666469982584213,-154.13696202048442,1.5651493508845726,1.3277392781889996,-105.77121930242095,0
tr_6e3ed7_00204,0.1046897077965981,g_ebc5d4,0.02048119553569766,-0.03137613180584571,35.52910985625566,-0.066362276932108,-5.503742317188566,0.20853837800553865,-107.07522863038844,,0.3472854601592391,1209.3762750018036,0
tr_6e3ed7_00210,0.47969584100892554,g_be5b6a,0.009916113347320895,-0.07357325379033676,186.4494182934669,0.6624012824433746,14.736011402180196,0.2644181202054988,-119.26109873242896,1.457293661294565,0.5143271357297011,-1305.029446449378,1
tr_6e3ed7_00066,0.12514914255731469,g_ebc5d4,0.028443212772405222,0.03714063508073208,312.0591213698016,-0.4313520685877177,5.691370619080448,0.4582296742451758,-95.72687478163647,1.4245798543882158,0.1508660051577772,521.1406612834976,0
tr_6e3ed7_00255,0.26231049597607903,g_be5b6a,0.010670058210208926,0.018637568435081932,245.5040977159598,,2.8055518511362347,0.3687233160383257,-66.64085371747318,0.18794079192769014,0.6466485877268877,1304.8375000139797,1
tr_6e3ed7_00310,0.20165780168812406,g_a77c08,0.05750454966607688,-0.020476584142003894,114.64297923554207,,22.805761938048033,0.48549944484021,48.76848553929905,0.9531132891369195,0.13536868330209806,-1143.4237918777046,1
tr_6e3ed7_00469,0.3349218648848716,g_a77c08,-0.0018625000539893991,0.05983063352520243,77.83455594029596,-1.624729738826772,15.562151696571972,0.32423442333862196,-171.7043120833678,-0.40552927363978364,0.7285169918103418,-764.2504805571945,1
tr_6e3ed7_00487,0.08166451698222339,g_ebc5d4,-0.021465793176926467,-0.027705793448418926,114.90911194192975,-0.23674538691630523,24.953283623242413,0.3292026154031231,-82.81313846026572,0.3245579012744307,0.7531136996270773,-1714.3427948584883,1
tr_6e3ed7_00451,0.29158009751445996,g_be5b6a,-0.03710244989619955,-0.08849526153342988,165.00567319314573,1.1074880395782092,9.453526478151066,0.3082406350374043,-62.69805908239181,0.925140663673397,0.8269934807037462,-259.4050849463115,1
tr_6e3ed7_00420,0.40768850919671584,g_be5b6a,0.008356918661936066,,218.7595877478762,1.062118191459963,17.934676047770587,0.12492584044432165,-130.3944408299371,0.34422339778428485,0.2259780511888615,115.52152616415057,0
tr_6e3ed7_00348,0.1256703545998195,g_ebc5d4,-0.01155489863707473,,,1.598087809269996,15.973417898736344,0.2933839479974065,-72.14478631326001,-0.6921612984809552,0.44120023004332004,1055.659119640976,0
tr_6e3ed7_00189,0.37017052719140964,g_ebc5d4,0.014790431660012711,-0.07529882430127559,25.59943203264399,-0.12631582544865572,24.29672496050569,0.36536848637636565,-220.63751414707485,0.7635639448140026,0.1657537045212163,-390.60997730130026,1
tr_6e3ed7_00265,0.017365919567419636,g_ebc5d4,0.04960471029088095,0.01693522988853983,143.77272312138766,0.5765976960671971,20.329459224058397,0.27549027641075213,,-0.48852426355475387,0.08150259372431218,-797.0335368880518,0
tr_6e3ed7_00257,0.4251318103046425,g_a77c08,-0.02995257122643843,,,-0.9336033033753687,18.499137095466402,0.23062742259551583,-54.794216163913035,0.8172148704077572,0.99545382453625,-107.22661279099661,1
tr_6e3ed7_00319,0.2536866789723666,g_be5b6a,0.041055880037379984,-0.04327083961567779,-114.08110215910463,1.7393402495707178,18.14277865996142,0.5087888452904428,-98.05893805579768,0.24061692238418902,0.08973891270415613,-476.5241303337449,1
tr_6e3ed7_00219,0.016554449372642343,g_ebc5d4,-0.0038786700697067055,-0.017987797416555432,148.23062547970156,-2.370055678505268,11.822882883354977,0.1368632409313505,-159.37960525465743,0.17590644298049796,0.5809901535733075,-1053.697082764284,1
tr_6e3ed7_00183,0.20463825838110836,g_a77c08,0.01608510432434682,-0.09080928723120334,247.51196739457356,0.11379864413743951,10.691263356828,0.19777662436880009,-182.59224664330765,0.6031249547495633,0.33455559279886415,645.2613187680867,0
tr_6e3ed7_00164,0.38934224498809233,g_ebc5d4,-0.016276365843915223,0.0035841271489148382,86.46729767403254,-0.1673203037539213,4.117222508911421,0.41775420961603027,-123.59439099240024,-0.010640910280212523,0.7413044916528582,665.8995092670577,1
tr_6e3ed7_00152,0.39680844972868917,g_a77c08,-0.05044886575893008,0.06831866791021429,242.83203393989766,-0.08980811669944394,6.296317977971652,0.43938367395651057,-89.00298560820875,0.7368294042676824,1.5751919450751215,-257.1888714111084,1
tr_6e3ed7_00278,0.062321562418417735,g_ebc5d4,0.004729633776441417,0.03069126384837906,172.02883962793362,0.7255614616878511,11.729944459501791,0.39882221852010297,-116.83857481901441,-0.042805947323289684,0.05647420228231759,-503.8522017737462,1
tr_6e3ed7_00250,0.311606257014535,g_ebc5d4,-0.0014407398488699799,-0.06973588200046442,77.50030129197785,0.11320844107655895,12.634998307452335,0.167763210770396,-126.00790164800944,0.43753609423702744,0.7492418526719617,307.7920446728583,1
tr_6e3ed7_00264,0.25447386488362345,g_be5b6a,0.004503757927307037,-0.04753120976692006,,0.10066510755168057,16.519902262961324,0.2881565117054114,-92.13258469784336,-0.274765578439803,0.42932038071570544,-885.0074490690591,1
tr_6e3ed7_00470,0.2916919169207555,g_ebc5d4,-0.019993829599710414,0.001263573315967395,206.63558714212186,1.0844833188939724,13.151493781616347,0.17687840151850498,-289.3515879561363,0.28508403509791574,0.7737828986625919,81.7189164347333,1
tr_6e3ed7_00429,0.5175723456879703,g_be5b6a,-0.007313805200756881,0.02694214239741462,225.1411975579188,-1.1321140193113701,4.299428037466104,0.3269493710723123,-219.28968428667096,-0.7044744554619468,1.1354497098819987,949.3249814129935,0
tr_6e3ed7_00458,0.5651246035720331,g_a77c08,-0.006083230280667903,,422.3613437032602,-0.7269117295642351,14.981085804350101,-0.014472257495938945,-198.49457200760082,0.6393721763282336,1.230080511173658,-81.89842341670185,0
tr_6e3ed7_00024,0.34317964442497845,g_be5b6a,0.006758117589759056,-0.08432610124331993,183.4099937191295,-1.0241461946554313,-21.569936089639526,0.16731043890202418,-140.14604845001875,0.015739612032520056,0.5613021176309061,-459.9780233929615,1
tr_6e3ed7_00122,0.15140394928100565,g_a77c08,,-0.0558500442361254,236.08174564340504,-1.6996215560392511,14.878056209585205,0.23432277063945955,-101.46259523286,2.142851893530948,-0.19280778803522558,387.3837641341024,0
tr_6e3ed7_00249,0.3244416845901464,g_ebc5d4,0.0005869420024815493,-0.08032932936357227,190.72211273276935,-0.974777813907021,-1.5939569921926076,0.25151638107585733,-37.78544318891292,1.2615267380178936,0.7800237699744575,158.24582498963244,1
tr_6e3ed7_00117,0.5396662706551459,g_ebc5d4,-0.023957826727722977,-0.036862815160073836,321.3386068346698,-0.8208160171726644,18.709144107144585,0.3919871923129379,-125.88841878550785,0.3215421771580498,1.4343120673093357,-797.1774034340433,1
tr_6e3ed7_00275,0.23261368123188964,g_be5b6a,-0.0815230699997888,0.06297757326578596,91.18875790844265,1.4716696520326578,10.474075577834,0.15943042374192634,-179.0157736262704,0.4726061078921663,1.4829727885614532,-331.03436483887987,0
tr_6e3ed7_00162,0.5577916860836161,g_ebc5d4,0.032130303021432785,-0.09532720107225678,110.43382557959907,-0.1346171267128233,24.686766088638738,0.1998172206569773,-99.02438311560624,1.3354828600885296,0.2867074879374424,-71.448302493968,0
tr_6e3ed7_00175,0.05601161496261479,g_be5b6a,0.032224303483173546,0.022237045374639334,,1.6142251218392434,20.30301707545097,0.17932723031412712,-100.94815311397298,1.0992158790146118,,-776.6286247764386,0
tr_6e3ed7_00205,0.09209169522585306,g_ebc5d4,-0.05301697803032994,0.033833134081604516,131.45721390807432,-1.6371947579967645,1.8789595268406423,-0.013504678903240808,,1.2031504352184195,1.1151006906742198,331.9683286655894,1
tr_6e3ed7_00008,0.2120551436447302,g_be5b6a,-0.02499070511742263,-0.06962158792500245,,0.16365409957620475,3.6295974275361225,0.26851766091705803,-40.255463921346944,0.6391474187848599,0.8500987062948435,265.16931090633614,1
tr_6e3ed7_00304,0.4979422844403262,g_ebc5d4,0.00943112749284621,-0.07795134746439905,213.18835634321655,0.66693285243967,11.44356924753714,0.08803639427905877,-91.97482330159549,1.579853555463215,0.21982003235142117,860.1603310151305,0
tr_6e3ed7_00418,0.31498284967404505,g_ebc5d4,0.0011832789078252536,0.023089285874247415,170.3824269291265,0.830123044121472,25.411918338564803,0.31941012235004135,-111.39862849141463,0.8663457082544475,0.572919378724583,50.97807029542162,1
tr_6e3ed7_00188,0.3065765848073536,g_be5b6a,-0.011594539471358484,-0.03252706183746211,-95.31806420738212,-0.0936153116772763,8.778605943987348,0.1534641828894482,16.26354742231767,-0.19391246757527392,0.6813985089531649,-273.63712402785774,1
tr_6e3ed7_00383,0.5667873603461848,g_be5b6a,-0.001587418518729891,-0.0079217013148483,110.73800899958852,0.4297585550619055,1.9288780266745533,0.30852431226589366,-75.34173928554657,0.4237886673144313,1.0662141009970045,495.1286307828707,1
tr_6e3ed7_00038,0.01951145712640397,g_ebc5d4,-0.06909161837085301,-0.07076829168320725,339.49320381551354,-1.0174859280748267,12.418435026537217,0.4451282313250336,-139.45620229637035,0.32476500790414947,1.1083590199181699,500.0264847413996,1
tr_6e3ed7_00414,0.4320876867554513,g_ebc5d4,-0.01380694213080454,0.014215783619472264,376.4460130354583,,5.671733120919631,0.16952276033632419,-11.241449972602467,0.2745124681257818,,419.1380075367407,1
tr_6e3ed7_00413,0.013481526056379301,g_be5b6a,0.009474591696437398,-0.01508151266300402,297.0531070407011,-0.8983047697317856,14.920012028718073,0.18984455980262535,-99.92278367140187,1.9953658948252504,0.3824879871457841,-428.4905632745018,1
tr_6e3ed7_00211,0.2545670970100365,g_ebc5d4,0.051208314698915756,0.10980479502828148,148.09283539341513,-0.5776267475040249,31.494624983292013,0.5235972393987467,-69.9820290404264,0.24912485158729264,0.006783571361957619,-1488.5968528181875,1
tr_6e3ed7_00349,0.49217778148148816,g_ebc5d4,-0.008625110826401106,-0.16712016854476727,277.4960702198943,0.9517412387681655,1.1415479848100336,0.13243105996892907,-202.03699746865115,0.9635746449405109,0.6847377743589281,,1
tr_6e3ed7_00308,0.014424068508550398,g_ebc5d4,0.00582413479729122,-0.16812570667932877,204.44868366639793,-2.448376437637183,25.471050695001505,0.35301845908899027,-36.83584585271781,0.11617684202722811,0.5297546345223807,,1
tr_6e3ed7_00186,0.39223155359010026,g_ebc5d4,-0.009318389072745282,0.02895970417400186,68.80956589165704,-0.22818761141228153,18.419636129646648,0.5656047806552993,2.139990077322622,0.7989456572940872,0.7422165187424624,-88.23905723415031,1
tr_6e3ed7_00446,0.5521321595449948,g_ebc5d4,-0.004172025230494833,-0.000964393685005005,86.7652118512517,2.1184661763792234,28.89206077440405,0.23939884681265866,-41.00216506784173,0.9394201422594519,0.35190343576672434,-53.15184042853636,1
tr_6e3ed7_00077,0.46702931048267016,g_be5b6a,-0.01579888918418503,-0.04530507541265446,175.84484172216375,-0.870795132400155,18.710950296684025,0.29808763011839695,-147.91214111073933,0.6164324070266145,0.4809900956327749,-578.1530342291045,0
tr_6e3ed7_00292,0.36411667737115205,g_be5b6a,-0.009560129007973393,-0.09702295744849045,234.68291645412268,-0.09595092970612931,0.9895491968366823,0.254382902743893,-106.54765797428585,0.08662701982830723,,774.0986356480738,0
tr_6e3ed7_00055,0.09570571083226868,g_be5b6a,0.011722878947210306,-0.09605515175999516,165.11214097311836,0.704203411422591,25.142553412897207,0.5096102910268061,-98.07620466119533,0.5024872132687748,0.4646648353722219,-609.7224447632602,1
tr_6e3ed7_00047,0.03924922276799387,g_ebc5d4,0.009038951390598206,-0.15270978635231705,-65.02778806366646,0.6954246723191284,7.44214505408273,0.2205560091797642,,0.9534522635718237,0.3325415141881565,153.1807232066573,0
tr_6e3ed7_00428,0.3189592091548007,g_be5b6a,0.01210389492787865,-0.016827043248019435,92.21645116366263,1.8213303466228794,-41.695981589219784,0.05040592594887197,-183.99374641913923,0.9953126719958948,0.41791947949065483,-786.7902154309554,1
tr_6e3ed7_00285,0.5223298226597534,g_ebc5d4,-0.007679162745527198,-0.13017403209419862,168.93576559230024,-1.3961156822255276,11.62995761013346,0.3221214407319799,-114.14941884786678,,0.08571309157003537,-74.93661313177806,0
tr_6e3ed7_00088,0.08634984294248528,g_ebc5d4,-0.05318461694264332,-0.06721679574327005,181.80206902834286,0.08729492570753468,7.247081761538242,0.5839919929578679,-109.0165188509406,0.7156994408298134,0.9555377710869198,729.7467641988401,1
tr_6e3ed7_00479,0.43758049685299044,g_ebc5d4,-0.02386990616960316,0.0667856390359883,,-0.24841792201860238,8.908246274730239,0.3374592368364816,-175.1740754185011,1.4089132057474618,0.8892881450122299,820.0441612698872,1
tr_6e3ed7_00227,0.4622574644478198,g_ebc5d4,0.01892889558511046,-0.06839407103380989,239.70376125709583,-0.3626195280844722,26.243508716773228,0.2108493626020954,-225.0287212070952,0.3616631215551862,0.12750238120282031,-406.75424811715004,0
tr_6e3ed7_00419,0.38005341372936174,g_ebc5d4,-0.01091483201462956,0.05920319066737745,132.352626861214,,14.038476809172959,0.35783416722150446,-195.17261991198546,0.43116428800078954,0.5580214106679121,199.12178276158826,0
tr_6e3ed7_00300,0.46584231847342583,g_ebc5d4,-0.010136762714841142,-0.0995375444722505,109.71497780749465,0.31366118054082365,18.752768947539025,0.2594197642150549,-189.3217025338886,0.45352254485676485,0.5447618078562112,-1385.1549215712878,1
tr_6e3ed7_00187,0.40464840992520507,g_ebc5d4,-0.01763718098422497,-0.10164844599382789,-43.445379722711436,0.9680119044971218,12.980309390893488,0.3406334387255002,-70.78564543581777,0.06772033948335932,0.5904660012757417,346.27457525503223,0
tr_6e3ed7_00231,0.15980127967898317,g_ebc5d4,0.007080546663927908,-0.037138157761273896,208.43754244227057,0.20192134089988326,17.304190877185118,0.2765237808440978,-212.58033269282018,,0.2785707034965735,,0
tr_6e3ed7_00095,0.4245773046651697,g_be5b6a,0.007027079761207236,-0.052591990448861356,-55.598374506746666,0.41642736558808724,12.829001281737455,0.04310259219620352,-198.8599222699777,0.5624394471388642,0.45173139480934094,146.77291220050503,1
tr_6e3ed7_00009,0.4649617015599134,g_ebc5d4,0.0038576723999110404,-0.07605459920063314,137.80532128112426,1.7637986587622905,-0.8449042762680108,0.16708893059591612,-122.51839939792299,0.5461843996897542,0.3288151722726107,-107.12277455515098,0
tr_6e3ed7_00159,0.0546341791664438,g_ebc5d4,-0.03922233251666585,-0.012193869571829583,230.44279141835318,-1.1612351442950302,28.297696194590543,0.348760826190738,-158.77599104785605,0.7685434121839256,0.8587384671611751,-928.5664034997308,1
tr_6e3ed7_00065,0.4042603522819751,g_be5b6a,-0.009652238099261135,0.01491573791973239,52.34141725497322,0.5697055248893181,26.200412057791972,0.5173286668102467,-166.55351595020383,-0.3049533985415156,0.5111946355869367,-683.2955649690039,1
tr_6e3ed7_00444,0.3970943917962235,g_ebc5d4,0.0017536032253929502,0.04008321949058283,81.27211017549324,-1.4916140003124292,20.832031862351926,0.2975580066325685,-64.11831636550978,0.37909227068257645,0.6452230213321988,-328.8243056258878,1
tr_6e3ed7_00044,0.523364731991765,g_be5b6a,,0.015440581985205645,150.25021844762006,-0.3451292721283987,7.389367913197614,0.5443617115336727,,0.9066725492065133,0.5190105329791128,452.21230909243195,0
tr_6e3ed7_00135,0.25615533121098616,g_ebc5d4,-0.027867945233570682,-0.062218923240588905,321.5302293647612,0.35524899685203204,8.031955025076801,0.2705955667241634,-194.45931199191318,-0.6028268908936375,0.7830089988254526,-177.00539002046798,1
tr_6e3ed7_00466,0.03735374130816997,g_ebc5d4,-0.021910201266633973,-0.019502440089976033,172.65052725529688,0.4207224339278651,8.101256972561364,0.46810117665388307,-123.70010467178429,0.4335368238742687,0.5573738820545174,-415.32092047669676,1
tr_6e3ed7_00445,0.3986218230262761,g_ebc5d4,0.00879836147721516,0.03185589828536366,28.000759726035554,-0.4695492058163532,11.349423257357994,0.018041058225738982,-145.19550387740176,0.99820577911348,0.5354518475752397,246.59843393023348,0
tr_6e3ed7_00408,0.004847428071564501,g_a77c08,0.031138461897960646,-0.1540462232521938,305.318777149357,0.3077782334223518,24.273914596608947,0.34844915895137185,-177.48942271579213,0.5757597011427107,0.26774545703307884,-411.93232960392515,0
tr_6e3ed7_00116,0.31546036633511343,g_ebc5d4,-0.034009323240610956,-0.0231289080406559,172.19472952476679,0.5216333949432084,5.74873511987113,0.1472277559790855,-116.40756464538492,1.5658022326531436,0.9416142106930925,-299.0310889730451,1
tr_6e3ed7_00422,0.060350723296727,g_ebc5d4,,-0.059974804070634116,181.8200674827645,-1.6187277336808215,25.093663074040517,0.4069050940737762,-58.53053401782542,1.7731150590337195,0.47360044441146926,-155.20757990051519,1
tr_6e3ed7_00491,0.10237847188566673,g_ebc5d4,-0.007685231543398004,0.025756891970843337,139.14237982420772,-0.9863491812415363,28.802805745493934,0.3737333920541258,-175.14561273946703,0.6381212444339361,0.5046153711298401,-1067.5487836667667,0
tr_6e3ed7_00123,0.34777963258189504,g_be5b6a,0.043138188048083226,,210.0213281482547,0.5534950043665642,15.608116823451414,0.18642493613231265,-264.1338359833609,0.873375727140566,0.01628999670335135,-1300.7652453386227,1
tr_6e3ed7_00379,0.3828926416639705,g_be5b6a,0.02704900603847656,-0.057973009151586,132.3799132404316,-0.9336470447646882,23.20828638308902,-0.01911194008327638,-182.01812590321117,1.2789370622579477,0.06326043649397078,-808.080271450782,0
tr_6e3ed7_00331,0.26148054455345676,g_be5b6a,0.03679876207384514,-0.041015498013440094,256.94675654270213,-0.9684622817498011,20.09641282708166,0.4157908560626845,-50.62449735666449,1.1991943813833033,0.045866109228967944,-259.3656023922557,0
tr_6e3ed7_00372,0.1591520104535046,g_ebc5d4,0.04329960101300232,0.07152239971372693,212.25612166668134,1.7306326571366326,26.707771759514852,0.1960328635972346,-152.84918720141582,,0.14462203426703096,-1837.7465318069321,0
tr_6e3ed7_00062,0.08438786490339852,g_ebc5d4,0.012847015175978669,-0.039131600415722556,25.64351840010255,0.07864289747544638,0.6395059729324899,0.44316401148007156,-82.57350624457345,,0.2946646048430693,-170.74828787137318,0
tr_6e3ed7_00247,0.40440582013736914,g_ebc5d4,-0.022484593130913996,0.014763974277814524,115.7080867581042,-0.7848551401160097,5.237434045553002,0.3635858332595274,-194.15241492464367,1.6747891506261543,,1010.8826986373482,1
tr_6e3ed7_00214,0.5614046059070111,g_ebc5d4,0.005001817209494448,0.07821907893112859,-11.878328347371564,1.1638666870695697,21.61000462987699,0.11557012453826582,-70.32396025011286,-0.08842393180087715,0.7069064079444594,200.8785317473265,1
tr_6e3ed7_00266,0.5714716881020898,g_a77c08,0.01244684061174255,-0.04832461713736415,,0.1934453487824141,16.500185728659964,0.08887871632549785,-115.2934887992608,0.09325019137124846,0.4420481755772582,-46.501184610523666,0
tr_6e3ed7_00191,0.5771060022644136,g_ebc5d4,-0.014042599114528063,-0.05808399337079509,-154.21438643737562,0.9614351706475327,25.38976532290713,0.20692022432784826,-49.29152446701484,0.6134478158812825,0.39698707190504706,,1
tr_6e3ed7_00473,0.11076968361802553,g_ebc5d4,0.030178906358149776,,175.73144434471305,1.8913682582620288,14.826848605505923,0.3893157134948879,-187.97865298868084,-0.4143475977133303,6.167527276967321,332.22136228874683,0
tr_6e3ed7_00151,0.27500080262867055,g_a77c08,-0.0007484648925507111,,,-0.3043375312564137,24.384150140399825,0.27081284689122215,,0.47384021556724953,0.6268909219669343,-999.6600607052321,1
tr_6e3ed7_00154,0.21980334942031113,g_be5b6a,-0.021720848206245157,-0.03859760399400046,284.7346823294554,-1.0093689258809913,16.34706373818405,0.3384504737082065,-150.47488659662977,1.2956577618147995,0.5643493182233721,590.7777546555735,1
tr_6e3ed7_00476,0.5228798149733613,g_ebc5d4,0.01052120042326326,0.10169609789681622,224.36476269942665,-0.2653052340398234,6.230403740682295,0.2606862456186715,-217.7069987161507,0.6445764792407082,0.33820373680778504,273.1457112648319,0
tr_6e3ed7_00243,0.08997403896950716,g_ebc5d4,-0.0265306416051848,0.09865006921954257,59.48272259453698,1.5247770108559517,14.141955335348964,0.086364693200701,-60.06909333719648,0.36222607752594443,0.8821942770758646,829.0141235581972,1
tr_6e3ed7_00498,0.5065842401328974,g_ebc5d4,-0.011543498093270224,-0.0026212731607849274,225.93628360828652,0.5376849118464253,11.083331302444314,0.2844749376689174,-147.2506155503865,,0.6525741383231042,47.67737576960289,1
tr_6e3ed7_00432,0.4263945333701458,g_ebc5d4,0.008197324853580979,0.031293164622790484,,0.8558609126086013,20.691814378470077,0.5112650751677075,-177.66898046631468,0.6813799883778938,0.2870659620878733,-166.7766270051514,1
tr_6e3ed7_00412,0.319355193929204,g_ebc5d4,0.035273125022731784,-0.04240784938968857,66.7300539066726,1.7964135827583068,-1.9657486659743757,0.40546648298929766,-353.657088619939,0.551452267491259,0.08256995885399704,1846.8143255645602,0
tr_6e3ed7_00268,0.35725917110478855,g_ebc5d4,-0.005729182776724433,-0.008799696278238149,138.57863768051845,0.4473692934311887,2.1872675224900675,0.31676478206043673,-140.5410465762314,0.22723523203319845,0.7304824393810306,367.60871936919216,1
tr_6e3ed7_00253,0.3648799585804959,g_ebc5d4,0.023787192813007625,-0.05983454751199825,-21.75785975881425,0.49596333208266297,-7.664562581866283,0.14510165936246236,-283.56956197769495,0.7380542492018919,0.06848678367070049,1599.7003054950135,0
tr_6e3ed7_00043,0.3451021770688155,g_be5b6a,-0.02265951779938321,-0.013249011318576195,74.10813329812326,0.8382646223031797,5.686661463994538,0.49904049011530693,-39.03509505003454,1.0380087060519654,,1275.2478360381895,0
tr_6e3ed7_00287,0.5444308400501894,g_ebc5d4,-0.0004716129056874785,0.0008633172805772374,,-0.4813882469762737,17.757224505905896,0.19856162922625786,-52.40761220925587,0.3562046698925046,,-501.56444044967213,1
tr_6e3ed7_00288,0.029921391672310872,g_ebc5d4,-0.02323406080128584,0.002232133748896286,,,8.750551120793498,0.06846655330000387,-123.86258212035757,0.5372887490719971,0.6617336178087014,-844.8263463794442,1
tr_6e3ed7_00111,0.4588431212684202,g_be5b6a,0.020572616106940906,-0.019415266552737283,302.00523712868085,,-0.9972249643843139,0.3477134087728858,-271.053036573485,0.5516594855553507,0.17993982263326364,1496.9137809312888,1
tr_6e3ed7_00284,0.4295513554076338,g_ebc5d4,0.0038728880417881447,0.0721249667097146,131.96233297558604,,15.255941336734828,0.22964053727074785,,0.8321096911299706,0.21801748818970146,-148.78535493688494,0
tr_6e3ed7_00358,0.06757735956703256,g_ebc5d4,0.03908743241444643,-0.04316861486215962,283.8092379187118,,8.120947217701852,0.17825570045765304,-107.28554479709369,1.2569653195736454,0.09798264195794537,661.6228067109181,0
tr_6e3ed7_00167,0.13019409396837195,g_ebc5d4,0.05486625330016237,0.023823340939918298,58.01404462881902,1.536406563288007,10.863808286788757,0.17986369609000746,-164.7839831716052,0.6534657596213316,-0.20757086423607463,-802.3738807781124,0
tr_6e3ed7_00387,0.2227933473507826,g_ebc5d4,0.04011312146018335,-0.04177145951077837,336.30503082214994,-0.9906118615387728,13.823140104025972,0.31058462807821885,,-0.17626107830501592,0.07418090948783801,909.5854474110373,0
tr_6e3ed7_00272,0.16603094892840517,g_be5b6a,0.03619476790036722,0.05771844814507131,219.22626823715837,-0.7635822330414314,9.630469937736095,0.10372885257228096,-165.34157856768735,0.4319587465964462,0.19696935289157086,385.36542242503504,1
tr_6e3ed7_00438,0.5649114061238937,g_be5b6a,-0.008991846977435998,0.022930464107923845,156.7378519206348,0.7309337761085258,16.025601791254758,0.37859877984710993,-163.5291979887366,1.3205687567464255,0.5307001803629161,,1
tr_6e3ed7_00431,0.1917217777760065,g_ebc5d4,-0.014652336291337869,-0.0016383223966110645,135.53984380079297,-0.5208948940639422,18.446977654799834,0.26598779288094,-241.66337075712892,0.3837195529484279,0.6562909803180575,-264.29047777108934,0
tr_6e3ed7_00176,0.14138012415905174,g_be5b6a,-0.010118433972038286,4.117327259759926e-05,172.09326002994487,0.38042743864395845,8.413112311353682,0.3806556607087171,-55.33375638662321,0.2717148047614648,0.5917326986916971,-154.8954307742555,1
tr_6e3ed7_00059,0.5633355620606925,g_be5b6a,-0.00045220254565132996,-0.02455507460826689,200.66601461528728,0.011782272287689868,8.01770498039294,0.31009871689371715,-78.41472776216042,0.48285524505733834,0.41626666140794727,-1112.72425924319,1
tr_6e3ed7_00248,0.1518543586924854,g_ebc5d4,0.058067743672288556,-0.11541307735667887,123.7673903514993,0.8227346266163325,25.798543111043386,0.06874489457575536,-165.9257211151463,0.8643463502218511,-0.004048235885328211,-575.2900029416988,0
tr_6e3ed7_00142,0.09856003917457028,g_ebc5d4,0.015994754300358006,-0.010584058758958025,99.93303828004494,,0.506013995087395,0.2636650046657428,35.95993779286887,1.611902390077529,0.2538278831469053,385.66417643614875,0
tr_6e3ed7_00052,0.41925650155459654,g_ebc5d4,-0.0019271953029626452,-0.002539732836154489,217.78100014528687,,15.82500779265194,0.2725827124540544,-246.83624976219724,0.11487747090814349,0.6293938248394128,-1121.3786278887005,0
tr_6e3ed7_00263,0.13801789974218814,g_ebc5d4,-0.09372170135985841,0.007624256427156938,164.38382644142362,1.2625659234034319,18.435754148882662,0.5536528383851689,-91.3952603085057,1.5170430349973518,1.3967242650308413,-504.5953839404,1
tr_6e3ed7_00089,0.4103791822204041,g_be5b6a,-0.025040959215029062,-0.027569624301008802,213.63850367384802,0.3727691176877298,7.54922888104407,,-254.60110015634734,1.627202074600531,0.7449277688591349,-368.19391598824836,0
tr_6e3ed7_00364,0.3055209811573285,g_ebc5d4,-0.017989280866363033,-0.01778948366101494,158.43019366828415,1.8021916585740678,9.311461291095329,0.029592962339842988,-281.81700415751067,,0.726642378715221,52.81853156657402,1
tr_6e3ed7_00251,0.17067904436752732,g_ebc5d4,0.0648839538939749,0.07921840544155205,23.342924630140487,-0.5394377212253215,22.10677221794514,0.2241123065347041,-58.60941525031046,0.9159081679336513,-0.18075109737707462,,0
tr_6e3ed7_00305,0.38688899618348505,g_be5b6a,-0.035395657573133545,0.025366412975625755,42.10335058089164,2.293562891830084,8.098524347862787,0.268238970976223,-176.62578228236572,1.0273032491016871,1.1268289441409074,-1032.3054646433598,0
tr_6e3ed7_00424,0.2155977758188332,g_ebc5d4,0.020663134685909607,-0.03789975342933463,-36.225567364569685,0.19481624889520754,6.386422331416366,0.16768106740022898,-128.41680883673084,0.1198982876903738,0.21374251365716745,534.0705816262579,0
tr_6e3ed7_00015,0.35778023372487955,g_ebc5d4,0.019274631157142088,-0.04209779877793243,46.28031561854968,-0.7492544628479008,0.9951540296938521,0.1801111656728439,-32.30994695894714,0.3319695166873647,0.3419019402555124,-549.9152273763526,0
tr_6e3ed7_00483,0.4104933375437239,g_ebc5d4,-0.013287675516271469,0.08173068123845126,333.9181176151536,-0.39859774371439727,4.5712896136249075,0.08421613972734424,-29.164900006578236,0.6166207478967284,0.6037391076770924,-482.8672465434388,1
tr_6e3ed7_00281,0.40855646925651007,g_ebc5d4,-0.005145669734404556,,192.7247961285563,-0.0942247065501289,16.699914759342615,0.333730056668592,-126.46627366834534,0.4764325094779908,0.8639089044589047,52.17509323761092,1
tr_6e3ed7_00365,0.2530743629815632,g_ebc5d4,-0.02868188341091723,0.11405909165772195,-79.39680191577776,1.3164480283419746,10.513883950118933,0.4220664937236239,-138.71859230100824,1.0163492095562614,0.7418698111527907,-467.0375310158497,0
tr_6e3ed7_00150,0.4757735142944025,g_ebc5d4,0.01103916917046193,-0.07100052829877036,140.1479333370278,-0.9549931322315698,21.379476343691554,0.4656078699656332,-150.78012173853352,0.36041791707269194,0.2003881039401243,-556.7773903824209,0
tr_6e3ed7_00146,0.5042537546960841,g_ebc5d4,0.01535988182701422,-0.01711759485815758,168.6296265424826,0.2345950903381098,7.483739555826642,0.38800713461463177,-176.38810348131716,0.11013028338537623,0.4077184468844475,56.302666194184155,0
tr_6e3ed7_00463,0.4228295112159446,g_ebc5d4,-0.01036339288570539,-0.0757081332774861,,-1.1917892419119505,12.788680392557831,,44.164993978688855,0.5684540470108027,0.6234825103210255,-6.511188035264695,1
tr_6e3ed7_00324,0.06158241080981377,g_ebc5d4,-0.052719575317341984,-0.05491198154129964,60.90179195209228,0.3678983068669842,2.2854648566642943,0.24913635006026533,-217.1040013890423,1.4583106154506886,0.9615840605722616,959.0279412752717,1
tr_6e3ed7_00201,0.1140087570028249,g_ebc5d4,0.01579958257430082,-0.06799644221069585,172.22637158574457,0.9153601913856082,6.4518342235746236,0.19050319043926928,-78.22729889336698,0.7253488378973547,0.2531825313890172,327.2514954943774,0
tr_6e3ed7_00202,0.2807826586206165,g_be5b6a,-0.0003598207490271973,-0.07063553597378028,220.76036282039883,,18.586013685531817,0.19762345691791905,-195.81777969153205,0.3948699946564964,0.5095843472193261,,0
tr_6e3ed7_00301,0.38182902228606797,g_be5b6a,-0.041848357423460644,-0.005073863911447714,131.05601975586043,1.279302326831769,15.922295151783054,0.3761528885472585,-91.7887951272728,1.2830896518274943,0.8778801389522107,-392.07011152630866,1
tr_6e3ed7_00369,0.1358799924354958,g_be5b6a,-0.009561950092534383,0.020064696410696626,221.91862927414257,1.2151065821433835,10.448108162306653,0.2612451996290702,-238.7318940651358,0.20432274970838704,0.624710382283014,,0
tr_6e3ed7_00453,0.4312300871384766,g_a77c08,-0.015740918320979187,-0.12020062670783935,181.76485773214335,-1.2548499075184794,14.138215352442154,0.2542156924260342,-163.95583167921282,0.11697325928773539,0.5420950082941041,736.5755605235913,1
tr_6e3ed7_00114,0.07550925680246083,g_be5b6a,0.0009134450676891723,-0.02389994990702187,343.24828746010644,-0.47676160779021215,29.308721432577414,0.25289713478641807,-379.23245629338135,0.6399370558850178,,-768.3981393345615,0
tr_6e3ed7_00140,0.05004731025169734,g_ebc5d4,-0.03552140099428156,,65.03171938843113,1.7977927258077033,12.674558902898891,0.15102092582708296,-89.55969105967188,1.1190361098160344,0.8562813100480241,,1
tr_6e3ed7_00405,0.39785008315118164,g_be5b6a,0.020400630166264005,0.07494245834559536,72.23998299472557,2.048091751851337,9.63102368122285,0.4559459471062852,,0.8426256754641066,0.29779953453889707,770.4999862923657,0
tr_6e3ed7_00474,0.1278041235492909,g_ebc5d4,0.04388189145121132,-0.02039798469179644,,0.17813775528294906,-0.7500430704753072,0.3711069319284573,,0.18846089819175743,0.23147183014448902,687.4103131682832,0
tr_6e3ed7_00099,0.35805024416958703,g_ebc5d4,0.04189644820116848,0.020582003632920825,231.89746377663516,0.8956980300608769,17.356339728567093,,-34.11081807877622,0.2424656553244524,4.5971099596386,-85.57566949286237,0
tr_6e3ed7_00010,0.006019291576419074,g_be5b6a,-0.042941006690144196,,312.8957367314404,2.1818033481400327,14.036218683832674,0.4158111968615548,-186.34986794970575,1.0668139851101706,0.7986634893171296,261.0980569001532,1
tr_6e3ed7_00206,0.4234850697232482,g_ebc5d4,0.009471764047229277,0.015142614100461065,225.8212640214972,-0.8819857919533135,17.038553553854495,0.2146357843304999,-212.6081314543917,-0.1278246787421159,0.45755091479952725,-610.0515733585039,0
tr_6e3ed7_00131,0.23997926531328947,g_be5b6a,0.027215784591872717,-0.037841264227534956,,-0.7950017601212317,16.984454992596653,0.4838657383506398,-57.58437914695183,0.9793639858145378,0.3381827503022257,-238.74760569735122,0
tr_6e3ed7_00021,0.2335097162799456,g_ebc5d4,-0.007339370167168958,-0.1253340867041038,28.359256894035838,0.5303839672196617,17.9165498098387,-0.16981313495329997,-44.49645111180767,1.136183536774157,0.4664661883660492,,1
tr_6e3ed7_00346,0.3926654404770841,g_be5b6a,0.0075571574314239375,0.08903529024909376,299.6540768220025,,18.989419349984246,0.11237673765434286,,0.8026629501812674,0.3214521255515953,-177.2909919383254,0
tr_6e3ed7_00235,0.335647652943522,g_be5b6a,0.028191893605501502,0.12476198887978444,253.14460739206987,0.4116880105189943,19.30422527274168,0.3189816945524421,-80.25055840803847,0.7623111605691579,0.3358121895578582,194.46440231690073,0
tr_6e3ed7_00323,0.06945789195991917,g_a77c08,-0.024311300926911857,-0.02917630952944926,227.30859193495496,0.38816116803758227,24.36594188895448,0.5165396731434664,-92.54760161256172,0.8428278732997652,0.7449938645925295,-1282.4876034903723,1
tr_6e3ed7_00336,0.23828885799338415,g_ebc5d4,0.030259240545475036,,80.72297372731661,-1.319546039761552,17.26228803532961,0.18783137385736112,2.455143643875104,0.49784921992186704,0.45119750843063267,-505.6083772635794,1
tr_6e3ed7_00160,0.41894131450830274,g_ebc5d4,0.02135026663320781,0.03070172986203606,-56.68847886077154,,17.817372356007002,0.05643902510075571,-267.5429907605502,0.855335202180648,0.2790712851815645,138.20405897835818,0
tr_6e3ed7_00410,0.060805870164254636,g_be5b6a,0.03610700133469717,-0.041588763057726096,307.15976286647333,,14.737354529100193,0.32917979411743487,-140.5540912422292,-0.04053118067995154,-0.058273937621125094,-167.65620540962433,1
tr_6e3ed7_00130,0.2876423523190876,g_ebc5d4,0.011123058369208575,0.02001789578596826,-79.47205236864156,,9.465903279353807,-0.027362660463237543,-12.147499639144968,0.37471606757426124,0.4106930844771113,-211.6102192435285,0
tr_6e3ed7_00416,0.50540436145539,g_be5b6a,0.01219716503587166,0.031486608966314264,154.8329505753145,0.21075416387307183,6.390497991766443,0.14532285219148097,-114.9577645680225,0.7557584213654062,0.21786738216818724,16.243676800685563,0
tr_6e3ed7_00028,0.1970317402574533,g_ebc5d4,-0.0028199278858782643,0.07948478239525422,145.37152064923384,2.4808677673311075,25.25503572750417,0.3059599873816954,-88.93923377597514,0.47547575910102885,0.5239654470731672,-65.2291653855246,1
tr_6e3ed7_00486,0.37858902558897584,g_ebc5d4,-0.05934511243288945,0.018483590686883367,-13.896156570326099,-1.0950826557322717,4.251473174284859,0.17460940370733508,-133.40604878608775,-0.03995580159273315,1.3787978251587067,478.82762367210967,0
tr_6e3ed7_00441,0.35028847649785766,g_ebc5d4,-0.002496469442528109,-0.033920891875864265,,-0.27361095158465976,23.747591569446833,0.21685596488065334,-158.5941230050983,0.7488596655476553,0.4140229963205361,-1571.2801094243785,1
tr_6e3ed7_00084,0.3673836340389219,g_ebc5d4,0.018975696757802387,0.007317103574137621,202.7990062957029,0.22121226589484164,19.98184196455419,0.39141914899852254,-230.0206753329102,1.1185712924840572,0.07901751935398982,-1234.9770038048227,0
tr_6e3ed7_00132,0.1808662587746707,g_ebc5d4,-0.009910488663560747,-0.0870452991456531,,1.6586567565409716,18.003051027424757,0.5185693047548865,-67.92815458976514,1.0530126870689522,0.5608216766834979,-359.93636976802435,0
tr_6e3ed7_00345,0.32572263769412296,g_ebc5d4,-0.0020189421657143356,-0.04371150103660679,-3.226209028184229,-1.4917364776511777,10.33475619850657,0.53309815356485,-31.688402234918925,0.9318777694819209,0.5529313931237546,434.6523647266017,0
tr_6e3ed7_00033,0.433390957234402,g_ebc5d4,-0.012979199087356782,0.012797865906276,327.6398757281793,1.4830331015748666,14.982755396870584,0.3026956367718598,-164.5664906497047,0.01221821985857563,0.8159634585540995,-964.3590970990726,1
tr_6e3ed7_00208,0.5482498679795595,g_ebc5d4,-0.010894104495590678,-0.020985612613307204,382.51581190208367,0.06073007213063636,30.329840754172565,0.4291912958768901,-94.48184738134032,0.88302337263369,1.0059046961056626,-749.2248434697025,1
tr_6e3ed7_00333,0.3520255282854809,g_be5b6a,0.05257080874264815,-0.06110185908295453,360.8025948936448,0.3541351604535078,10.750672218573413,0.3532379915371846,-140.1930885049079,-0.7555028674702026,-0.11130308202396777,214.0930965139731,0
tr_6e3ed7_00449,0.24698457267905854,g_be5b6a,,-0.027030644953873206,68.95500764871842,-1.0971170840371072,21.279373329222217,0.38509728448807196,-73.1522593614811,0.39362511359428787,0.6329112014833698,-222.51438984598934,1
tr_6e3ed7_00499,0.2500770329151283,g_be5b6a,0.023279723526376823,-0.08775889094193355,290.19811480335875,2.899468738290727,11.54082167182326,-0.20379009126211456,-169.81808426618483,1.2625645026113443,,-148.9824036782783,0
tr_6e3ed7_00303,0.326414870587554,g_a77c08,-0.010860941976927403,,162.47964073188902,0.42492957694725264,17.499758962163625,0.311862600485821,-103.01640954283498,-0.5989448015188453,0.519170735577678,-513.4929631132854,0
tr_6e3ed7_00260,0.25358126474475196,g_ebc5d4,-0.02979499381521297,0.021585265115031293,78.36853398287333,0.5767184477927184,28.055637343788568,0.211754340079932,-222.5395870558104,0.17018126128801664,0.7861751534398499,-980.1771146237248,1
tr_6e3ed7_00046,0.32150511302413776,g_ebc5d4,-0.0354172309039763,0.04517472433001592,259.895453527516,0.1559532474471027,16.6523485414821,0.19215075498575296,-33.63212838225874,-0.10734087675554349,0.7789046159742363,-1560.2017734344304,0
tr_6e3ed7_00101,0.19232680375987554,g_be5b6a,-0.02867385282371127,-0.014862872591184257,-20.075995422721036,-0.1661945530696544,14.99339434326717,0.32614421560423645,-47.08011770023141,1.2154778736420273,0.8345398675467347,83.30907823200565,0
tr_6e3ed7_00240,0.22204517603678522,g_ebc5d4,0.016861241971015545,-0.048874484229857615,-172.44461743190377,-0.3640382424874645,27.098628326843208,0.3770889970457187,-94.23849034357785,1.0635622067490789,0.31121723447006633,-641.257990136933,1
tr_6e3ed7_00252,0.01599928618523028,g_ebc5d4,0.012648283899347322,0.008038369899549116,260.3508890074333,1.3127051306625082,20.574528679124786,0.36526392093293303,,0.5652568504257043,0.4423913937432893,-1050.5366509391931,0
tr_6e3ed7_00493,0.558656013425678,g_ebc5d4,0.0002521057448781868,-0.04410345932134238,-31.67619683186848,0.18702658417449336,12.171849841406354,0.4555751794931676,-117.32220786141696,0.5072726916500552,,-93.28028343762361,0
tr_6e3ed7_00394,0.05293962968714039,g_be5b6a,0.029719863217082254,0.04576669938732633,194.55021956710505,0.4159456697327214,2.3615794450144403,0.08851095960165178,-94.77726950301341,0.20473673244396168,0.13601959422935306,729.5238169780108,1
tr_6e3ed7_00307,0.0008232047976309919,g_a77c08,0.0022711634321306165,-0.030807600881139863,261.1543363633691,1.1373503386199424,17.401312344132126,0.06260851162052558,-94.80684971904273,1.315573742649355,0.5691559793015768,12.967481596130312,0
tr_6e3ed7_00032,0.18672386694970106,g_be5b6a,-0.003670622807999181,-0.15701300330705234,280.84099459553863,-0.3982221034054353,18.6782683403655,0.16830460634259323,-164.15905140435538,0.9740583125519806,0.5175588493014353,-1301.6069983122193,0
tr_6e3ed7_00149,0.5119809665862595,g_a77c08,-0.00048105200411506174,-0.018743131642765577,216.9811918593921,1.528970259049343,9.379340245649813,0.25663445125419887,-171.25692832030578,1.3547877787997336,0.8066332383402384,-794.9662421305364,0
tr_6e3ed7_00220,0.17851851113959788,g_be5b6a,-0.003773673384386241,0.017587776721408235,,2.1181465670173925,19.387200064734202,0.1376254878264351,-178.29188230784365,-0.03457286784120295,0.4301707755910199,-343.3763914961397,1
tr_6e3ed7_00039,0.346601326528056,g_be5b6a,0.01434907612024119,-0.15176205497889106,208.7443986730854,0.2987310232636564,16.13149769664381,0.439165282693037,-25.285513163873716,0.5674646996103421,0.2946471711731811,701.0201223162613,1
tr_6e3ed7_00207,0.5126300049703721,g_ebc5d4,-0.011861447153969609,0.01232405804688404,-48.031375617643135,2.394099364005311,7.677872356731642,0.16784312565775739,-170.99648185389884,0.12333274162489138,0.41285790022554103,1137.6449993521999,0
tr_6e3ed7_00182,0.029334796594040743,g_ebc5d4,0.05335736241077366,0.003335657060950979,255.96039252825256,0.5658713892645584,13.467780406503165,0.20666361439776063,-133.5094578699075,1.2198857346020406,0.04848247764285718,-1085.8737855288355,0
tr_6e3ed7_00339,0.26108468734929746,g_ebc5d4,-0.005721105594019114,0.02443396767165609,79.49568263425009,-0.7723512972242941,25.574996123447114,0.1089115347402092,56.96966407982406,0.20048401709233932,0.6144533101734395,-300.14362779990125,1
tr_6e3ed7_00102,0.5568463249376973,g_be5b6a,0.001802896839649811,-0.020374574126801714,252.286402546875,-1.4809831644767826,16.76270965863394,0.13740753212302578,-270.7150268601249,1.0381297273019283,0.7790314627861232,-32.722613802295825,1
tr_6e3ed7_00171,0.2521683231666327,g_ebc5d4,0.028818618392409776,-0.10837887657365704,173.04955323903522,0.38450668141776057,37.56768018303576,0.38313510188944944,-148.9474420777171,0.5800783281326511,0.19234564696200018,-1145.1604035479897,0
tr_6e3ed7_00109,0.46811452870705916,g_ebc5d4,0.01935148756155273,-0.039188265272627254,43.82797372830123,-0.41526703791139963,18.95230290633713,0.36963026862906634,-199.70412422806032,0.24000857277145354,-0.1022376597599366,-12.78882933958468,0
tr_6e3ed7_00425,0.3696996285853082,g_a77c08,-0.01009837647735996,0.04298923540281646,315.7319136156483,1.696172287631096,25.97165369035332,0.4195855776653813,-197.00370297419124,0.5297378229449506,0.6302125252582143,-489.47234780723716,1
tr_6e3ed7_00165,0.03130311076937298,g_be5b6a,0.0041192139876418885,-0.06120811417976829,85.37302340384466,1.6864798170320885,15.17849532049872,0.1975088046117305,-196.99837189631603,1.9615238201701914,0.24187094004808263,-770.8886651372696,0
tr_6e3ed7_00436,0.13056107324281985,g_be5b6a,-0.04443513677317085,,173.91801063617933,0.4598969121340941,25.864720480872673,0.2570061783562975,-181.5511074833093,0.5986744150585686,0.8413930661723363,-1168.7918358254883,1
tr_6e3ed7_00053,0.356137473092027,g_ebc5d4,-0.01508095223327539,0.17506822053883725,266.8200195743443,0.6015051033400953,13.585237968001573,0.25781631965637214,-2.3028250992853145,0.22729251350105456,0.5499654620494623,94.44941293826687,1
tr_6e3ed7_00495,0.33000133206527144,g_ebc5d4,0.0011146727482446005,-0.018776200354610157,262.13696849368534,0.7598486911712433,21.63745141288689,0.00761334177667794,-90.40640047855427,1.1561959332922558,0.43319284263478974,,0
tr_6e3ed7_00190,0.31011116828615387,g_be5b6a,0.02553244794339377,-0.019043044018767892,-41.5047992020217,-1.2250611897682406,16.204843717997885,0.31963416269894046,-156.87113474251083,0.1354178511087244,0.008745008184955827,-637.5355299976391,0
tr_6e3ed7_00496,0.4826240956616478,g_be5b6a,-0.01997220105925259,0.023891817049680856,202.69580616162443,1.3719134357597345,21.617758241180653,0.4379841592640882,-200.17223587727898,-0.2309777471991602,1.0904184515645043,-1158.898056588889,0
tr_6e3ed7_00362,0.38870574376848605,g_ebc5d4,-0.0075494473928142646,-0.0699699883915767,,-0.8850034071171983,0.263433134006398,0.1146376547409646,,0.9508487993119015,0.5850417974490293,860.5968450415936,0
tr_6e3ed7_00223,0.0357402987516674,g_ebc5d4,-0.018414044409507623,-0.05282533228144198,90.70881006795335,-0.6497120883737206,9.98113798001247,0.35837938137685704,-67.29907915500847,-0.35394418878820644,0.6178093808167184,478.8684315474436,1
tr_6e3ed7_00462,0.019464224632968936,g_be5b6a,-0.05409635863391704,-0.011872031023239887,73.22693242522742,-0.1388226316499552,17.159431948437497,0.1258597501100678,-181.75452177525597,0.8238485551657431,0.9841464520036225,-329.29548526283776,0
tr_6e3ed7_00050,0.462549113319841,g_ebc5d4,-0.004101359124427324,-0.047656591052923636,149.1547048746753,1.8226393783179768,18.09574150822066,0.41991035314437497,-218.99127952930937,0.32719243026249595,0.4982671719747822,-635.7426236930347,1
tr_6e3ed7_00332,0.3919163272103267,g_be5b6a,-0.0006616633270424487,-0.01525258627686021,386.68227588806144,-1.1640757732308802,17.955390814586266,0.25917888605793993,-155.81419900335615,-0.2255521811102772,0.2869208486461642,-911.1162830191927,1
